client_id,target
2,0.18307908431443248
4,0.4164576674214976
9,0.29701081324604284
12,0.21909010643891955
14,0.17566256362482568
15,0.27205166007249765
29,0.2500665533223695
56,0.16446049215488023
58,0.1716402953181786
60,0.2727665133694047
62,0.19561169500746692
72,0.47300889171908933
74,0.16704417858351192
76,0.24281190123844107
85,0.27876419456525514
99,0.3610365458201853
104,0.35914930446574284
112,0.30760948768234053
120,0.3262608314917257
128,0.2695930925246581
131,0.20941257803140326
135,0.16599731930111772
143,0.15445113696050805
157,0.3708692201047273
159,0.12390209992520711
165,0.1339169288546688
176,0.139840891368741
183,0.38883740785895093
191,0.2740498625955927
194,0.533070923239446
206,0.29076415625990043
207,0.265437234647368
228,0.15810323515522726
232,0.33182530570455293
286,0.1567170719312913
287,0.18528856997386678
296,0.48279012770649
298,0.20785819490641988
299,0.31867082652887924
322,0.441116032978412
328,0.236307709364042
335,0.18307593472192732
341,0.15137678297270996
348,0.3324147755491771
352,0.2053424454926116
353,0.3225229870963033
367,0.23212152325032925
370,0.19061383994565295
373,0.32556234550998725
379,0.30275117623294323
394,0.19896459184246812
395,0.2270512683985041
396,0.16373413881587556
400,0.16480270528673113
403,0.4410639849244721
410,0.18571241682004147
411,0.44853227788697125
417,0.36614858205368406
418,0.3198592988691773
438,0.29426702201901433
443,0.4127651196593842
27,0.32579092460740844
479,0.18734025656029019
480,0.2141425413360505
482,0.2487734522371115
485,0.23771211161729824
494,0.1489356726598401
495,0.3989714400240673
504,0.3139683533854343
509,0.20549388151261916
511,0.43464994741674107
520,0.2311439270253225
528,0.2662649782252694
537,0.2943774114972136
543,0.18797498727513534
548,0.20375453461190823
136,0.18829091448405377
554,0.12405562195793662
563,0.23128538762761283
569,0.2195294897709816
166,0.17600714816730134
590,0.14418579091710682
182,0.19919751476505743
593,0.3024241584302605
602,0.19520254271792126
609,0.3944844155473257
614,0.23668926547493063
627,0.2422310160886689
628,0.4630179748821808
631,0.27052519001812536
650,0.1220069413730423
657,0.26561701241201635
669,0.290101694531671
682,0.3235785162546878
688,0.4991207521199777
695,0.21173009687582142
711,0.19684721180451853
714,0.5565596685348193
717,0.21750430715900146
721,0.2194150569056152
744,0.36386506843667143
746,0.16475292007021788
749,0.17739323676534857
753,0.17778587113772434
755,0.22720268259825604
765,0.2791828819924482
768,0.1576355549747383
770,0.15720019291731954
772,0.16648414774625625
774,0.17339895721782483
791,0.16861087470688685
793,0.22507138769470109
797,0.13039981868834827
804,0.15935761064990375
809,0.155279295415762
817,0.398578661621804
830,0.30469974875456607
838,0.21922789206802984
839,0.16252618681460843
862,0.17072330409703296
864,0.24924256658039945
868,0.28811073274504395
873,0.11485745682818577
874,0.2920028429893504
889,0.21985043039329064
901,0.6255399987317887
902,0.45884103040701324
903,0.43938149020849077
904,0.23981013054478156
908,0.332419860362322
910,0.22791595681979265
911,0.2687165056650641
917,0.24860905914420345
921,0.18471496276379978
930,0.20539112272186505
942,0.43667934660154106
943,0.27416693777278917
945,0.21864664015985547
954,0.24794818741863797
101,0.13745227378231956
965,0.43832768761589014
973,0.3758303521413542
979,0.3364920326065225
991,0.15486970484379808
995,0.1816306794715432
996,0.4035172235527449
1003,0.36595482254715817
1005,0.17626223829309118
1012,0.16404205787903386
1015,0.15345872833351445
1022,0.1660247254510228
606,0.29084244028918776
1031,0.2663983446070154
1041,0.24163776343307058
1046,0.24945385844744145
1047,0.14545355276727795
1056,0.25650994072892275
1058,0.19795989686866788
233,0.1868595846366531
1071,0.341314669086331
1072,0.18549623711964724
1080,0.361657472557367
1083,0.14319899675639117
1092,0.4247478205379903
258,0.22772245763910687
1097,0.19062407230013395
1103,0.17745591843393413
1110,0.14876105264461295
1112,0.17695438051091628
1128,0.21306811968096265
1129,0.267589601616587
704,0.28356311933624834
1133,0.2587650432081176
1144,0.23412816375337753
1146,0.3629789340575283
1147,0.42207495080879276
1152,0.38942100155477044
334,0.20709624413994437
1160,0.22284842851373837
1161,0.18190062056269474
1165,0.281274711297378
1172,0.15666379104270406
352,0.2061516613791492
757,0.20730545487965185
1180,0.20741186092434571
1181,0.17620395248680465
781,0.30492274971594246
1199,0.16695227308991245
1200,0.3447809386371774
1203,0.4308985324019958
1204,0.29745527523643983
806,0.1789393694398713
1218,0.14580290603377827
1222,0.25745080966401035
404,0.17566438257778322
1224,0.3088178340834409
1226,0.16716781420312837
1227,0.21759147240637552
1230,0.20569957627753213
831,0.12383985547200381
1233,0.2670248179995892
839,0.16225587679374098
1242,0.3528823507694093
1245,0.28223778783991676
1250,0.3032966978033765
1252,0.18763527819276032
1263,0.226666681329912
1265,0.22528611478754937
1266,0.49470033122966733
1269,0.27701223333703995
878,0.19664205393886663
1270,0.1703528287027729
448,0.19300970595948994
1273,0.2129210304727348
1290,0.1809693908372754
1291,0.24009771562505408
471,0.181869794898937
1303,0.34559572481481704
1304,0.22151277548725554
1309,0.18737470425227398
916,0.18829650611338067
1310,0.23006179563125348
1317,0.24471650348586924
1319,0.20536825106280598
1320,0.19518262493243568
75,0.17408204440220565
81,0.17301672980323
1337,0.49965951253814495
1340,0.3796407106286101
1348,0.20281870796061033
1359,0.4669967711348275
1365,0.21561367258773245
1370,0.2917493257981439
1372,0.3805848197149431
1377,0.24214645072150426
1382,0.3350386649244611
1015,0.15401908543435683
1397,0.2929845739841269
1398,0.2966978939367362
189,0.1781101525915625
601,0.22034596430920417
605,0.15459694535011004
1042,0.1497842990084472
1044,0.34711998751415396
1425,0.28399497270103646
1426,0.10928397241475632
1428,0.18556834895009514
1431,0.24567943024934127
1445,0.4027557302916813
1451,0.1888800238850351
1080,0.3639460594504528
1456,0.3382572306849433
1458,0.15934925151518603
1459,0.16829493008622637
1460,0.203478839883088
1092,0.23690338764881272
1476,0.25128954930719777
1478,0.27434002398745505
1480,0.1847666024472412
1481,0.37432237450667805
1113,0.2405974163019166
1486,0.43700527801884675
1487,0.1897103768912652
1493,0.1725113671940941
1505,0.30421928418128563
1506,0.19612001002779328
1521,0.30970689791522965
1525,0.2756206838738654
1529,0.4278606426430128
1536,0.44029585321853126
1539,0.2478335324278126
1554,0.19304769699021382
1558,0.22682725160556752
764,0.28195648959591024
1563,0.1820454730570943
1574,0.22018659107977684
1201,0.18848036509698282
384,0.2569723209434265
1592,0.14277772084408705
1604,0.25240876060691425
1610,0.27784409359887435
1612,0.4014507927461322
1620,0.32644245046034137
846,0.20498548270796324
858,0.17878018704072188
1636,0.1589871423670813
1648,0.19738631657493175
28,0.15053598481029978
1280,0.1889214569088468
1665,0.18492359698267322
1667,0.1728821844602612
1675,0.18036654109120237
1680,0.15313279524406648
489,0.21290910900001103
1688,0.22059536551153058
1691,0.21139173812495174
921,0.18736309947558283
1711,0.18453148574260744
1729,0.16642936935195424
1734,0.335942852085795
975,0.1686669393580031
1757,0.4459260470783162
1758,0.42866006785215116
1765,0.14946659341173574
1769,0.20741311575634314
1777,0.33205352404601285
161,0.2091180772112955
1785,0.4265321688921174
1029,0.16938399965881898
1416,0.2865386264815919
1801,0.19983041026660536
1805,0.18431634570414818
219,0.1441174788807643
1825,0.272237601187192
1827,0.1597913196355924
1829,0.19940758593218103
1837,0.20557940942316047
1839,0.29247095534105416
1851,0.20475728806466917
1852,0.3723020761577373
1853,0.17239869250656492
1463,0.17438335305598907
1854,0.4198134428885847
1855,0.14705392920234703
1856,0.496176440858379
1858,0.292180786495825
1865,0.1650021327810243
1868,0.22701950267896503
1869,0.16821566474947158
1879,0.2162240104948897
1881,0.395807475411779
1508,0.18612366222179091
1515,0.21950852628361328
1884,0.22536383033838642
1887,0.1307578249935167
1902,0.4377208463948157
745,0.37320497215169124
1548,0.13703842032381608
1909,0.4631612565530806
756,0.19153052017323774
1916,0.16988928544417456
1926,0.25552789181970326
1940,0.20993415523098474
1941,0.2304898799038541
1943,0.18313986401770463
806,0.1918810956331372
1951,0.30830351226884606
1610,0.29561798756127855
1961,0.21544057840313496
417,0.36614858205368406
1970,0.17744499019980775
1971,0.21797333534893443
856,0.16885834374835024
1983,0.22287879482477363
1987,0.2916018243831488
1993,0.1855060133818593
871,0.2171213396542091
2003,0.13146932412052706
873,0.11475405828384988
2007,0.2546732276604449
2018,0.23729196089568144
1297,0.29467444277035537
1303,0.33957573256898593
2030,0.2433246387495007
53,0.14420185157062787
1697,0.28933926869296756
2047,0.24719920409856957
2053,0.16747663196511492
2072,0.3095358058414177
2078,0.23185811816325627
2079,0.27737667180969067
542,0.20209297126314782
542,0.19819977177660691
1754,0.27975864868678035
131,0.20871988033738
2094,0.15511699007396626
2102,0.12994764902797912
151,0.2359133296528767
2107,0.23723046524540625
2108,0.2600760737191014
2110,0.24439499320025415
2113,0.23053306305752755
2116,0.2093531820633092
2123,0.256397961398988
2126,0.2245346363350722
2139,0.1644076289075187
2140,0.22852826673096682
2142,0.19817820691703864
2152,0.3230009078895208
2157,0.3182694429792805
1075,0.14940904157768076
1837,0.19727867308918084
2163,0.31803958769161406
248,0.17013666846340836
2165,0.26912068724655963
2170,0.1358752659410178
2175,0.16010545606052753
2178,0.15160170582314014
2186,0.1819440111383961
1477,0.32885314006707766
277,0.16804117812489824
2201,0.40767085867297337
2202,0.13705011372211712
1488,0.36571838797593686
2209,0.3074326360564732
2211,0.1711024891180783
2226,0.57375904457628
2229,0.27940992790618535
2236,0.18620863401973436
1154,0.29423308819227056
2242,0.1767716657554771
2244,0.1737599686633165
2250,0.3022741191884749
2251,0.175600239467545
766,0.12372034570069781
2264,0.28716006790844417
2266,0.14512717269279782
2271,0.2174129495806929
2278,0.3692593678828935
378,0.21141758519573095
2282,0.1902307384784357
383,0.3850888702413795
2294,0.27029707987210744
2303,0.22322522538808104
2306,0.4727708157500088
2309,0.3736386406775725
428,0.22202507957637602
1975,0.46182618368715694
5,0.21045498667724738
2321,0.17897334284099845
861,0.1783588936834143
27,0.35254074291984555
2337,0.6520397184200345
1674,0.21845478611163566
2346,0.2905858551318049
478,0.23779789475419486
1682,0.464250148744651
2355,0.2660582264809229
2362,0.1786184091405627
2364,0.3383544356248712
2370,0.328568164418862
2374,0.17517566610658508
517,0.2626050613409945
2381,0.37921275250481
2386,0.1788000524357326
93,0.29803216907861063
2387,0.1555268698724321
2393,0.1684351516693955
1742,0.3004906994884271
2404,0.1362222268565115
2408,0.26288610446447064
2410,0.16787385340895328
2415,0.25412072494645854
2418,0.23444816339929647
2420,0.3111869890949778
2424,0.3679451819190466
2427,0.2834835163369046
159,0.1235886686428139
2439,0.3501526034924187
2445,0.3181036860289172
2447,0.21105321125719045
2449,0.11847435242064686
2455,0.2162836058500357
2459,0.24180493074190865
2463,0.2363402074458713
2464,0.19141861045732314
619,0.19662855207924812
2471,0.13909225945569278
635,0.14657148277857981
2485,0.2606089813321625
2486,0.2212673214826551
1447,0.1663403504275553
1070,0.13716693624555126
2495,0.2549159145631025
2496,0.6443152640405427
2497,0.2710203264789574
2505,0.1332753592181359
1852,0.3658972414748242
1463,0.17443348889105223
2514,0.2176467257184232
2211,0.16802899032458685
702,0.24366573503746872
2548,0.2207930450408553
2555,0.20234755952668593
329,0.1421642806144228
2562,0.2533332647655644
2249,0.2198515417432022
773,0.2196775762809665
2588,0.22378171611628517
2589,0.34419828846429884
2593,0.16337547343789155
1210,0.19805887078503343
2603,0.17272972534636666
2604,0.3052136596537586
809,0.1561567722886117
2618,0.24482598716824838
407,0.43762246648004866
2623,0.14356825771310022
1960,0.15849425524726407
841,0.4086025151670919
2633,0.18578384003373663
2634,0.3087985440463604
2636,0.546244108401924
2639,0.4927343156404063
855,0.1430992297951499
2647,0.16738951819061082
4,0.5232429230160257
1634,0.37560686036903135
1249,0.5382665103580638
2650,0.15060656282435717
2651,0.14679486862826502
2656,0.46579772980486306
438,0.2912969999465652
2662,0.12943649272712163
2663,0.4429313651356789
2336,0.1539799923535597
29,0.22063748410400646
2672,0.22070790573551863
2679,0.32365583659054686
2682,0.22192665744039958
2690,0.31870231610007027
1321,0.24315135559456058
2694,0.31088267127155284
2369,0.16562730821089205
2703,0.2055404090339189
2704,0.3665698029019331
2709,0.438401032848976
2712,0.20502995742338245
2716,0.21048998099151273
2721,0.19706286688464736
962,0.268907862715997
2399,0.18738455642532995
2729,0.34792122016651766
2731,0.4361412597688159
548,0.20025731905524874
1376,0.17952461998120084
993,0.1752195577261403
2745,0.2885659730755523
2749,0.13949744693554667
162,0.2543363993606418
2760,0.4222568022598784
2444,0.12401317989161742
2445,0.32009596578301747
2763,0.12200612571264939
2771,0.246995746033616
597,0.2203931440345004
2776,0.1520238161568581
2459,0.24574321770475757
2785,0.14671705250158124
637,0.2559198101187926
234,0.3775848568866922
2805,0.25813160256359585
2810,0.22128478887738862
2820,0.27344160076343205
1097,0.2106946977876682
2831,0.19989464815782185
2843,0.26529319144832647
293,0.1967225162368239
2541,0.3077844759562268
1128,0.22537696238833846
2852,0.1823118861190926
2857,0.18378734123597745
2862,0.2024000365248283
2868,0.44802676466456937
2870,0.2344821930348828
734,0.19800183570022079
2248,0.1971376546949125
2877,0.4267465656848808
2878,0.19655073807503237
2889,0.17772785745685393
2891,0.23451721150838023
1911,0.2269316183150258
2894,0.1952297897202027
2897,0.4583772327472124
1927,0.2778223802325295
2904,0.4143568129231409
1204,0.2952290199441664
809,0.15576288466344734
2919,0.39172815273030664
2922,0.286732180098228
405,0.21470260754328235
824,0.12047012243619243
825,0.26342142893309817
1960,0.1590514439619147
1234,0.14714918316773973
1235,0.26920765890812565
2936,0.27244469102583924
842,0.23218152402778658
2948,0.4143315379127756
2950,0.23761295249608066
2959,0.18821701047758266
891,0.2028492656215436
2962,0.22010334277010968
1295,0.19011807288272603
2968,0.3353559800992797
2970,0.1649778028505403
908,0.32278433942208457
2974,0.15210079774122645
2975,0.19452403905898652
1693,0.17913691172868532
2980,0.3938848203642787
2981,0.24020512007818423
2059,0.23791581826958608
2989,0.16623547366911948
2078,0.23952990447624137
2999,0.22821654528517282
3002,0.21170001949502992
3004,0.1888009799875212
3006,0.35924538832995623
966,0.3899767015498358
538,0.43219934888365164
980,0.18574032469773083
3015,0.3795301006148215
3019,0.21966627087124163
1401,0.11122512091879308
3039,0.24176143560623525
1813,0.266074869793239
1431,0.2445896330139192
1833,0.22369493572271432
2161,0.2782750039670015
3063,0.17551659801198355
3066,0.4434611292857303
2166,0.12800502959596002
1092,0.15521525166543862
3072,0.2633250217607902
665,0.16100998037390457
2182,0.19043241735749933
3077,0.29306873032241076
3090,0.3943567853954907
2531,0.19474726236629272
3104,0.27731312249192774
3105,0.18970239539181702
2229,0.2901527964895069
3109,0.2785884092702111
3111,0.425181216384815
1181,0.17061806873060015
3136,0.19777091044408662
1191,0.21082048912885704
3144,0.46846879317805484
2911,0.2904318747872962
1589,0.28959051078770354
3159,0.22491702098180244
403,0.4670722351947833
1224,0.28879471938790635
3163,0.2701042871762614
1615,0.1785982521150092
828,0.1425257168185935
3165,0.1648669871499896
3177,0.2852351984665339
3179,0.2933672583149943
1278,0.1634330751007571
1280,0.1916639925034388
3201,0.21087761615820172
3202,0.2680546680208187
897,0.1975814692760477
3209,0.13023190288278816
2969,0.2921142140188123
485,0.22931500766514815
3219,0.16464859536003668
3221,0.19020398234289362
496,0.24073056731480913
1695,0.1798470509322757
2050,0.23477178336148607
3234,0.235608763027633
3245,0.2236012022665645
3246,0.1460023448829713
3247,0.2638604427661087
3249,0.2418863444535274
3258,0.20555313914813328
3259,0.30015945242404346
2086,0.16553502004561346
3265,0.1662314247847958
3271,0.18686075631068702
546,0.19913951355028475
3015,0.3857054029736076
3279,0.19440976591939152
3281,0.1800201778117104
3282,0.38350933252212904
2104,0.13090469415688977
3287,0.31428462726949047
3290,0.29475482707983325
3297,0.4883162776171149
3301,0.17508351653547338
3304,0.22446870459228976
1416,0.3313942158900114
3315,0.27231776397648916
3316,0.24419672515928936
1426,0.10920746710041376
1055,0.12412181261052818
2481,0.33198552773029505
3323,0.16700520272797675
2801,0.1787431769644886
3324,0.2714665647434392
243,0.23348512992604548
653,0.1733883051711283
3341,0.35648520859913524
1856,0.4963479533021037
3344,0.18770388018857992
3345,0.14522142559264145
3351,0.2979910604140886
677,0.16729011318346554
3359,0.15998683028113156
3101,0.258369581990872
3361,0.3658601634816757
3363,0.149368994603922
3368,0.17309001784122718
3369,0.1570656042796075
2226,0.517435818540493
2559,0.2456286505140806
1163,0.24368769666829498
3388,0.37804957208090395
749,0.17780954541900856
3390,0.3010288360739105
1920,0.22000026911923987
770,0.15906862544224065
3418,0.24660642562537727
791,0.1684002540049788
3428,0.2151047391321285
3433,0.26361503682655435
815,0.1336874666839467
3442,0.1491597608819158
2640,0.3845638953878813
1255,0.4318723671202983
3461,0.14794329376632037
3464,0.2443973461187706
459,0.2779805012568439
3473,0.2726406199936675
903,0.444591678029156
3475,0.42785652624190745
906,0.139271535061046
3484,0.3304117250058114
60,0.28261699420998154
928,0.16842047387701256
66,0.3816918441956214
78,0.3129313841198537
3509,0.20910332080453953
3512,0.21646009217396173
3516,0.35044794486317377
3517,0.20199575897549377
3519,0.27418667266227825
97,0.40958931310707036
3526,0.23959980946372955
3005,0.28985127644951725
2724,0.41949388108248176
3529,0.22007894681788098
3533,0.18969953330118108
126,0.16153976552433658
3536,0.15615373911747243
3546,0.2746840380782273
1767,0.15601426073237634
3556,0.30652606792029463
156,0.15416256678505824
1389,0.37922318272714917
1783,0.19616311106038403
1796,0.32671314705719556
3570,0.15989755758766197
3577,0.2897447103962146
3580,0.22694417737756437
3311,0.18284472050845021
3582,0.18369624001458545
3050,0.16867035074679115
3584,0.25431813660338737
1832,0.28885845517892483
3595,0.23401333208352765
3598,0.26362632275528697
1840,0.2279403165447261
3603,0.16286131431387602
254,0.25728627418203687
655,0.4314657413394286
3347,0.15176382477607173
3621,0.24425736684158417
3623,0.4315365257164272
2208,0.18290855872852022
292,0.3709080914924331
3629,0.17726971647374817
3639,0.11441437426406993
2228,0.5312823507092439
1142,0.3519786640724268
3643,0.2261902822816289
1896,0.24197564713938446
3651,0.39953395365411914
740,0.20215165814251645
3653,0.24613888384728033
3656,0.17338564127976308
3658,0.14441247215173167
3673,0.28893283104793704
3675,0.25888700400289566
3677,0.15394219506227802
2287,0.1310540469372437
3681,0.17280914228966862
402,0.16471275318782785
3685,0.19400166005062303
3688,0.24653290558297533
3694,0.17124338934607605
3696,0.41544323209107326
3698,0.19872792484757038
3705,0.18967206918763263
3715,0.5173712708439102
887,0.15183278707659725
2964,0.11636830360788594
2024,0.16304872035689535
2344,0.2117716689958747
1300,0.23851671443866912
3730,0.27889118687667214
3734,0.22363062012391638
3739,0.19215554817992697
3228,0.16932494024037564
72,0.4995477635386267
510,0.1666676872249273
3747,0.2042840603243558
1343,0.22525700655470166
530,0.5983532611944519
2998,0.32300805643122266
544,0.18180779094543173
1368,0.11957867428929045
975,0.17043238253276613
1754,0.28649512536956434
3769,0.18945831158417648
3772,0.34689433024531185
3776,0.23466173779830105
3297,0.34971823102497757
579,0.2540561244528198
172,0.1400934871356979
3792,0.5064277122510602
3796,0.19358606161264683
2453,0.7462040991013373
2126,0.2243599150060515
3035,0.4332345957566498
3805,0.21438568249557724
1808,0.19605272214050257
3808,0.1587307691419497
1048,0.2135531765923009
3810,0.262262904193876
3815,0.1834398905093336
3819,0.2140234674217507
3824,0.17170111979227792
3828,0.1986750424926083
3829,0.4673440430610082
3830,0.24298931957539233
1457,0.14873879570184687
3831,0.31167349229141417
3832,0.1755187765845571
2516,0.17600276983575075
3836,0.3819111006326348
3841,0.4957195090184975
3843,0.20220374482410552
3844,0.45151032479692466
3355,0.24697597966709633
284,0.23768046207141857
1117,0.6793243442507566
3853,0.2201466804363953
1876,0.21588162580216025
3854,0.1818499242911203
3855,0.25562626926141535
2218,0.20691454332208467
3863,0.2926177299632401
1530,0.20118898552978248
3871,0.18169490446316905
3878,0.23046822353899066
3879,0.257859424335665
345,0.2380250936429376
3886,0.31897489432452697
3887,0.30805683376806425
1209,0.2621531375649241
3151,0.4320326442492225
3910,0.5269113318822124
3912,0.19124650219616085
3915,0.3429647362138178
3917,0.23416371815302156
3919,0.16960441495383397
3922,0.3908831811620293
3924,0.23291927014949193
3926,0.3914386795925608
3934,0.15086375434303692
3448,0.20619101896749525
1979,0.16501230736066103
859,0.23392811051806867
1983,0.2168626376985691
3708,0.4336363896541743
869,0.18946344990566893
3940,0.274978735191943
3187,0.14016147064005438
1652,0.19614962696749133
3717,0.22710975477510836
3948,0.1602837239355979
459,0.2863021708342996
469,0.13252662189747896
40,0.13786897189775213
3952,0.28514879767092693
46,0.12395716557495846
490,0.1531513236930786
3732,0.156256417119836
3960,0.21221317006761967
3963,0.20306877410935847
1695,0.18779541331133587
3965,0.29605843220571487
3976,0.3617775393543864
516,0.19350938836267778
3978,0.1467007610891694
3980,0.150158838473514
3513,0.13516655665959712
3983,0.1626380427181234
2390,0.16514102250074258
2397,0.13283607017952714
1361,0.2664973865073389
3992,0.1889505800980381
3011,0.4632656488724823
2408,0.24680335448148438
2740,0.19173784844593636
4005,0.16607404616690502
3024,0.1555727729734997
4008,0.18300445679486277
572,0.3744394108542759
162,0.2543363993606418
4034,0.3756500046175792
4038,0.24697163071814127
4039,0.23394077601310054
3313,0.17119251050422485
3582,0.19603409782850786
4043,0.3107398589042995
4044,0.1585414073229659
4051,0.19731941770712938
4054,0.2978949585119528
4055,0.43337584277090835
648,0.21447168464954458
4056,0.4904920666193939
249,0.2144882666473909
1089,0.2512325127467412
4059,0.2417728562409917
260,0.3992295944622857
3345,0.13989282671078568
2825,0.16579561349246769
1103,0.1815510090643564
2827,0.29556062190740073
4076,0.21604379408865207
685,0.15509077420107428
4080,0.22477821898729017
2535,0.4741312567621363
2540,0.1794364909906787
4083,0.37626655283212584
1132,0.15716400647717188
4090,0.2279382330711945
4091,0.24768183760549606
3641,0.16531555481353194
2555,0.20100105566779328
1145,0.32479442385475155
1147,0.44530427726380284
1531,0.15159588884473735
1547,0.22797406381340313
354,0.5058207990689403
3393,0.1671081766207483
2573,0.3042872791078449
1187,0.2198565193657962
4115,0.2926250003967899
4116,0.29511616772347105
4130,0.368709064200372
4134,0.1768328008642257
3153,0.23759772645924723
3159,0.22335870421748627
2927,0.1449037325137522
4144,0.22606092151213486
4155,0.22360929239865462
4157,0.15654456900903368
2327,0.18153105471058595
4161,0.21820125860012368
4165,0.22057778094635072
4168,0.25851134912146134
4170,0.40190877527251545
4173,0.48811465442151897
4177,0.3204650200079723
4180,0.3820072772668358
4183,0.19464627842528937
46,0.12414956232796537
3729,0.14963962245416712
487,0.26850278812614004
54,0.17733892179878546
2685,0.2768252092330032
2032,0.17322123767070377
3961,0.48967025624222416
1711,0.19606357095353677
4200,0.29872207160785613
4202,0.2633520329298034
87,0.20130243377164037
4204,0.1970470622054427
2382,0.18417011548978515
2709,0.44220706766080287
2713,0.4109525484920286
2998,0.34060108075508466
4220,0.34612344818524937
4223,0.42174204639274365
968,0.2764159605898555
3992,0.17840428593602367
1363,0.28564856607301364
2734,0.1877458884157255
2736,0.23923202902113946
4235,0.25709434190805525
4236,0.1942975662569641
560,0.18523503627794985
2429,0.39285831370476143
1388,0.31441711803313155
3558,0.24328010803733952
4249,0.1716483408776254
1779,0.26513118107507255
4252,0.32129193659753175
4254,0.22836448309648222
4255,0.3826401961390168
170,0.21006688215574662
3786,0.24811757524887842
585,0.2213630140977877
605,0.15319614671404116
4266,0.2792989405271815
4267,0.15461366393933815
2467,0.2030597276999117
1429,0.13967329861058236
218,0.15948247808485067
4280,0.5048880230659271
2803,0.3207170121895122
1077,0.18149100357798523
4288,0.26729210735539977
4291,0.2353568996935242
2508,0.3505159727803213
4060,0.2541128187285697
4297,0.1751219359370424
1495,0.15238624079567237
4308,0.23986824580215146
1883,0.14489481085331524
1135,0.2210279381520539
1140,0.15671582336780554
4317,0.1581633018546908
4321,0.2332329038995451
4323,0.24977053822589435
3876,0.1951628673332612
4327,0.3011413072541419
2245,0.3009007846740229
342,0.20879684496368525
4329,0.25147144073082167
4334,0.5380196385754296
1178,0.15849430551789104
4336,0.22466981658163415
4337,0.15452799449837085
1919,0.4337839562473085
4341,0.2983308936340589
4344,0.16589159458321817
4345,0.3493674243410031
4347,0.2736782002953445
3414,0.18632798169697956
2909,0.2231316360873033
3899,0.3176629401239889
2917,0.2150252831751444
4359,0.18620575423008837
395,0.23114314614215234
395,0.22939693850895493
4364,0.16260593997435793
408,0.22823413919460275
2928,0.16531598167855113
4371,0.3992286764159141
2314,0.24926729985253332
3456,0.16320534199150594
4383,0.24420851477862676
4387,0.34000233685716746
4389,0.15131207025679871
4390,0.21283310993188312
4394,0.25498437929951545
4401,0.14871220598762788
469,0.132169575389725
4408,0.27235356507857433
2680,0.11932928302828655
4412,0.1823544283728296
4415,0.5147065580239675
4417,0.48291392253533183
4420,0.23861643894712076
4421,0.46232525955849335
83,0.1762164595566188
4424,0.21754920713253073
4426,0.2932501690486011
530,0.5929536491509344
4434,0.14270425242904028
3258,0.20981387382282002
4435,0.26315593696468664
119,0.1915137046094975
4437,0.18303582481776745
2730,0.12031959918721152
2405,0.1847580247296221
4442,0.15364096138878192
4445,0.24218701374154022
554,0.12531126719487004
4452,0.19392195610100416
4454,0.27547665193191023
1016,0.14970295786802598
4472,0.19589270498529593
2116,0.20985140873634034
4474,0.2643141019283396
4476,0.423605705137581
4477,0.1937579548712714
202,0.1986834893893626
204,0.38339124739826436
4484,0.22021516006617126
3332,0.24780506176367512
4504,0.1729533579600682
1454,0.3399500705120802
2168,0.33291632217464906
656,0.2455352891660208
4512,0.34920292609233916
3072,0.25427623231950913
2825,0.1650283355328445
2523,0.14808912558282572
4519,0.23470924897824372
4520,0.25905144368167143
2544,0.12336899359724549
4533,0.36652597166764966
4536,0.18505021889479495
4537,0.20458504429749508
3118,0.37833099824637584
4113,0.2949526130999861
4558,0.18241622753382183
4559,0.14643822166228065
3671,0.24440399938831772
4561,0.2567535111426685
4563,0.38381186511684107
4352,0.21576152495165668
3149,0.291288930145285
4569,0.17945626380863294
4573,0.3011701423235734
842,0.23432571137031788
1625,0.19110872534515538
4583,0.5580312187096664
4588,0.4203858888509537
4590,0.49512931115184533
4592,0.31835585294079655
461,0.1870288820359832
4599,0.18106157320744576
4601,0.15939502900048585
4604,0.20230750965433358
2036,0.37909435552309273
4607,0.2695206367369103
69,0.21253328520633086
71,0.4519087812689418
4611,0.28614718684832324
939,0.17762733584807266
1714,0.20455534450718688
4615,0.4283871935541219
4618,0.1707115667135665
4621,0.21348788953229053
2388,0.2823327768296946
1354,0.3430630469385833
4624,0.17528033047631275
4628,0.18248649006208856
4222,0.2984547367134895
2403,0.2147761871925649
3764,0.1599004631439687
3008,0.12858224280896532
4636,0.4378188130350953
4639,0.19652727671458153
147,0.21855968779984575
4642,0.18995291784062104
4643,0.11236832992433016
1007,0.37136585537079503
4646,0.28009129499458574
4016,0.3188164952391419
4650,0.2173387971641762
3565,0.1672183297487524
4654,0.1675487830339105
4660,0.24076643658412372
3574,0.37474450651810387
606,0.26834322303085567
4039,0.21880896635592278
3805,0.34639104949912924
1038,0.311773529644617
625,0.16957252957095198
2791,0.16011463595548298
4668,0.17689392065494325
4049,0.31855461831411
3814,0.27565459223285327
2799,0.22316494273392615
4671,0.20968793999937507
4676,0.4306188395283722
4680,0.41353745918826296
4681,0.18366924749416885
657,0.26561701241201635
2177,0.23326074821665704
662,0.22368807817108594
4689,0.1951210476966278
4518,0.28626933639439683
3845,0.3573785621762553
2203,0.1641518734720489
3619,0.17604609046926417
4697,0.1623803532002555
4698,0.41290179092731744
1123,0.23604658997219458
4702,0.185491056337242
4705,0.15474227716902678
4712,0.17114672867399594
3116,0.1792933241747058
4115,0.2922820755957437
776,0.1938854664959964
1578,0.2750558549456562
789,0.32862682145571714
803,0.16860161922186556
4357,0.17128641105686998
4747,0.31025452559602196
3921,0.14269421296855322
4758,0.48505567461078797
4761,0.5020556759227888
4763,0.49461725067160384
1977,0.20348748269391986
2643,0.3019237275172788
4765,0.16330134313985184
4767,0.29170921332077826
4771,0.18748172059979828
4777,0.2296163350242636
455,0.2901552445511863
4598,0.12806555973371334
4778,0.28934706208863176
893,0.1638898166195163
1316,0.15514125637583293
923,0.41506110315657746
941,0.231726559316524
77,0.19131418044978524
4800,0.17697618670189819
522,0.3227124208798724
2393,0.17544274240558694
543,0.18994540662756076
4442,0.1495348102367001
3275,0.23022378538285787
2739,0.1563885358392313
4004,0.3104167595724198
4827,0.3861823091357228
1387,0.2543315122359778
4839,0.21298233889655058
1800,0.18703454985666867
4660,0.23930657776379438
2464,0.1930514185585676
4847,0.30863144881240856
627,0.23966404930818286
4489,0.2591885445042562
1822,0.20421295762203223
4856,0.3409800760627126
3330,0.2870682597612533
3332,0.24848438054427843
1091,0.1982601986187767
269,0.46905073973811084
3613,0.18504411526654946
271,0.24830316883223563
4867,0.23131446085024582
1868,0.22609403137878206
3358,0.1856643151277701
1126,0.43144400388353216
698,0.24571747950012665
312,0.24790537371528562
1133,0.2587650432081176
2226,0.579433317714519
2555,0.20197187515471476
1164,0.7653707250998237
4107,0.14994448517613623
3655,0.17668807128868752
768,0.16553838437770435
4910,0.3457896001194075
4915,0.2859797782186664
393,0.21507148408639676
4919,0.24854486144280963
1951,0.36689390148552187
4921,0.23851557284611502
4923,0.19736368239294566
812,0.2039643100813467
4926,0.18661039620628653
4927,0.29803150255076105
4935,0.22624792334449767
2637,0.33683209710690887
2940,0.17105679448151803
4940,0.3935530013923477
4157,0.15291777310629495
437,0.36305726304230523
4951,0.24409979560123743
3938,0.1707043073253628
3469,0.24975369892389868
4961,0.3729346743341925
3214,0.22504235669251393
3732,0.15839344675859718
2686,0.4238945157007472
4966,0.236207913207908
2032,0.18212989805070937
4968,0.19221585883800585
4974,0.16777894207040825
938,0.24146429803451674
940,0.15234300755562796
516,0.18997704937968687
4984,0.48732145077758593
3760,0.16296297771289014
2079,0.30915230479140365
4991,0.5665699975899184
1368,0.11953701828819271
4002,0.3491040723791086
5002,0.42256335333717143
2753,0.17426543014237802
5008,0.22943652386069208
2445,0.3889191651921041
4653,0.2594440305324845
1790,0.17285527701650474
5022,0.36846847344017064
3577,0.3268735180827928
614,0.23305097564519095
5026,0.25664692270894146
5031,0.4648107848993145
2146,0.39000709790249694
3816,0.16722090137197237
4673,0.16660029945053575
5039,0.17907253046033272
250,0.19369651236791535
2814,0.23386279854147576
4509,0.19489824436852765
5052,0.35309205910078356
2197,0.18241818110845004
3620,0.18277328024934505
4698,0.41919388454177625
5061,0.4934709892776749
5064,0.2895293293494181
718,0.39767472653225805
5074,0.18990106826933373
5075,0.2842757783458826
3108,0.38988226980154844
4711,0.16932299461672629
5078,0.3222893156067286
2235,0.2716595764657496
5084,0.5571596857321417
5087,0.20813912395024392
1902,0.1931635017219948
5089,0.3455883223626809
5089,0.34144155573300927
5091,0.15343417835416184
3656,0.17596057692646105
1185,0.15023708518627565
5094,0.43899603403336107
5097,0.26763631411935324
780,0.1741665462109117
3141,0.17742083674909143
3673,0.30648107288896775
4344,0.1661972836662925
2912,0.19841832440981189
5106,0.45281800988295384
1212,0.17593795889861935
2296,0.30831345690155276
3440,0.1583392335017529
5112,0.36478900749965193
3921,0.14224007160723884
421,0.1996596583507888
4150,0.2104311374481997
1971,0.21919993528598633
5119,0.2263812247844861
3453,0.23496867006578268
5123,0.40388328990272976
27,0.34949056629277747
3194,0.36121124894232465
5131,0.38560000759350743
3473,0.27196637174001764
2022,0.18496790793389611
2344,0.25642292339906736
479,0.18476073790181896
5134,0.24199258846389554
2033,0.1935694377815262
1714,0.2080520072767147
5143,0.39150111788970166
5148,0.542906536606875
5150,0.2834431232606828
5152,0.43910339328022663
959,0.23463915151250903
536,0.16292075271917528
122,0.149728135500313
1758,0.3800406363138287
2409,0.20731412611406175
137,0.22276585728797813
4640,0.1961792265997397
4452,0.19813922845526
4825,0.2848396339088357
3776,0.23331068704938607
4466,0.23049491688559515
5188,0.20222734215832475
5192,0.11765902025500274
4480,0.13481681994945463
5198,0.3978896925625128
5202,0.2974908959483853
207,0.25947259816619184
1439,0.17336126508360516
5207,0.17019647746582434
1828,0.2048928861100901
3823,0.5139800289531647
2496,0.41223823066046617
5210,0.1391875966470867
3610,0.2164178689821631
5222,0.22880601610331563
5224,0.19651161500184555
3626,0.1757355903735257
4875,0.38500654687837405
1503,0.3415674414079811
5236,0.18096875461849948
5241,0.1781608783303546
2217,0.17183282393076535
713,0.3041470703876835
5245,0.2335797987927086
4706,0.13963822152089939
4317,0.15682911200425473
2231,0.16126557854641027
329,0.14062642696265523
5252,0.2592675734040931
1542,0.14187343939838998
5255,0.4147298276374098
4732,0.38500148783799854
772,0.16414798366409736
2589,0.3710281911231652
1223,0.34943013677564927
826,0.2016211401571311
3919,0.16472532490185987
5280,0.2536406453001989
5286,0.19805377269112445
5290,0.41705923494067143
5291,0.14647612310667224
442,0.3084487957334006
4593,0.46101541991252526
1269,0.31695308862274285
3715,0.48764850851348757
5295,0.1759134835527182
2020,0.161556590534739
5298,0.19227709158745743
5299,0.16223284711385835
5301,0.1438110721219715
2971,0.24734302311553608
55,0.4574818306942715
5305,0.4533260718342498
2044,0.2008509040712111
5310,0.320474510371279
2702,0.26840945595399246
5313,0.33159331503660816
5315,0.25573885387041495
5317,0.3659845098715151
5318,0.17967054899016638
2719,0.2840550534255375
4215,0.18366893207723614
118,0.15677830671267773
3538,0.17056186146134472
5328,0.17952748042583452
4460,0.16600252518237865
5337,0.16505602654619295
4021,0.2249666247630632
5346,0.3349398296565998
2124,0.19186547390545455
5355,0.3288000720828491
5356,0.19754241311910903
4042,0.1892461781518988
3321,0.22452453994334381
5361,0.4808653424155892
5207,0.17216447523417977
2519,0.14243986646141188
4689,0.1945724742946493
5377,0.20840047879382567
2190,0.3240563267507979
5380,0.20731525372903492
5382,0.18243010067546278
2203,0.1648214313267736
3098,0.17210152857590566
2865,0.2557265339790595
4095,0.31347163291698554
5391,0.4269614888564577
2869,0.4125701716596534
1536,0.46063360487169036
4540,0.18360289967697224
4329,0.2519602052806606
3881,0.1326220951671209
1552,0.2756704859356035
5403,0.2688908314906147
3892,0.4031643381991359
4342,0.14536181255778366
3421,0.21216909961794608
5413,0.4660427685465842
5415,0.26998901575160644
1622,0.1737441006923245
1254,0.31541125551561844
5432,0.306072575178031
10,0.4172783345000875
1263,0.22564772132379965
5435,0.1815928647287303
5436,0.21188670696266945
2661,0.3782236836536368
894,0.2338661164407762
35,0.18094628618180114
5441,0.42583235980408973
5443,0.4259710511676129
3484,0.34396239293198344
1679,0.1958396077335542
5450,0.5014049284133635
5455,0.32849614078120964
4969,0.2287765470493316
4420,0.25106025707331303
4421,0.3664328563538624
5466,0.5215568189681878
5467,0.22035166986784835
525,0.16442843160299092
5473,0.16487127069440907
529,0.21775677216968406
5476,0.29224284772081865
4625,0.1477908381722447
1359,0.48828105882226536
5477,0.19225058418348834
1743,0.271562963101214
1744,0.22966831931739828
5478,0.3564204548759433
4225,0.20203030141476389
5483,0.20476015269053938
984,0.4293098818947073
5485,0.3307885493612586
990,0.16890997279323738
149,0.1646082490416057
4454,0.25686314634855206
5488,0.4798299112830746
2752,0.19093638537586355
571,0.2868807752255035
3293,0.2773172467654214
2764,0.1514472251300525
5493,0.36935007054371893
3300,0.20434821403080822
590,0.14480286386323132
1039,0.1814209459968159
203,0.16659256371215192
5205,0.17883453954541034
5507,0.29751029618345515
220,0.28321408678560406
1435,0.14215657963246217
227,0.18258376927140602
5037,0.14897393311041335
5510,0.1710637266543388
1068,0.1595185830766614
5514,0.24384926486212624
4676,0.4345180726977133
650,0.12187370308470542
4858,0.14697718359140652
2511,0.3402575071996124
5520,0.18002292211239973
5521,0.30437581035143046
5523,0.22507672169219362
3617,0.188963221260739
681,0.19365135998755267
5531,0.43496548103937027
5054,0.1806359356471422
5230,0.24115776745415302
5537,0.49167911658054964
5538,0.26508854688863176
305,0.14413034199857874
5545,0.21944971946983405
5546,0.22748593344108714
2235,0.27706332516387067
3653,0.24515113533997807
5560,0.21161427832866903
4338,0.19695974065756358
1921,0.13785465232781538
784,0.1753177671722913
3895,0.3104151435016915
1239,0.1658836957725624
5581,0.21750802989984905
4171,0.17172973066397323
5295,0.1749243522565849
5587,0.2093731379369859
5592,0.22282339910912963
5593,0.45615862165954546
487,0.2735680227174028
3494,0.3038543127539393
64,0.12888169587856385
5606,0.310887274155336
3514,0.16096610226846447
1728,0.284749012285068
5608,0.3690368737367188
2076,0.1885132586416727
5620,0.1503527528585104
2400,0.3540610289227092
123,0.2713722484514769
5327,0.1975121429127672
5628,0.2536823629964296
5631,0.5368222994697317
4640,0.1732440174392028
5179,0.11413179592524045
5635,0.18643524145484064
5638,0.27022745704725726
174,0.17266068944671248
5650,0.1688249896879307
5651,0.28358731646096874
1033,0.3143558060984855
2777,0.2091774553532036
198,0.3053172253406963
5652,0.278464605970095
2780,0.3668844806168148
1423,0.2102951829681548
628,0.4798242456021094
3322,0.22898553864513838
1826,0.1993642407401644
1061,0.3605158639851474
5663,0.22927021590771993
4285,0.37051248407049275
3329,0.45519837523357043
3330,0.302985995596762
5665,0.1594382982187134
5668,0.2592253975981116
1456,0.3375689043383078
5671,0.1872389718306976
255,0.17439619853590066
3073,0.3303087055256997
5677,0.23551728732103783
5678,0.4299279527230174
5685,0.33775682353432057
679,0.18497671309898234
5691,0.19701813711097715
2535,0.4518514471779259
5692,0.4328377713701466
1507,0.16592103908657382
5698,0.4194342410428211
5701,0.2438358271321495
1525,0.32516384234143453
5077,0.39966570522822265
1526,0.1881026052920833
5707,0.1982034923954751
1553,0.2351163064541281
5719,0.2965873995556234
5561,0.17072394079285852
5722,0.29540093484045615
2898,0.17430582559908286
3664,0.2435791769714043
4911,0.17934987866653268
3138,0.44042993736994396
4562,0.2466038948140339
4128,0.2875773542833749
3147,0.41219412749342005
1584,0.17663538424526662
1585,0.2042751661695273
5730,0.22231476639685316
1219,0.22848134289299113
2623,0.14318451088715894
827,0.3834659787497199
419,0.21535191135405696
5739,0.31870006458054734
5740,0.19368595030502408
5742,0.2573925259957518
1998,0.19371770756158468
5294,0.1362244616371528
5298,0.19457717514271233
2672,0.21593709656951882
3481,0.2666915925321912
5761,0.2734306545817645
5763,0.2426316809714863
5764,0.29230965523975594
4984,0.4308263641256821
3515,0.20400373990144877
4211,0.2040168672907019
4623,0.1579330704514865
5771,0.2137678205401502
1371,0.21004684794016204
2102,0.13061791859522215
998,0.367640833993809
2754,0.21910986541625893
3780,0.12969944882037587
2758,0.29303004960404133
1410,0.19374902450847828
4028,0.1660981472093898
192,0.5603701298292261
5791,0.21525240480838548
4844,0.22528949101828524
611,0.2180208897925937
5793,0.4458804378397977
5798,0.19641953432528533
5803,0.3574769267970208
638,0.2532059082304309
638,0.251781989666767
2482,0.14067025897431157
5810,0.24384485284454183
2498,0.17447185100657583
5814,0.23748968545478205
4060,0.25517789396800594
5822,0.39439516125185875
4070,0.18953368452044458
680,0.23376547814523096
2848,0.2770937719700447
698,0.24494115779271144
5237,0.1743526880532345
2857,0.1837227903323961
3639,0.11467987442958373
4881,0.16696801438312933
2227,0.19112150719604126
2241,0.20256930000062662
4718,0.1785552006475724
1541,0.3265315092377945
5842,0.2193543458899718
5844,0.45853518458516246
2881,0.33605125612268005
2252,0.18472423319196474
5716,0.2520288306827234
5264,0.17267717188650777
3131,0.16455233183589077
5853,0.15525090054135224
1193,0.13637982627893985
3894,0.16173316256817755
5862,0.147498988369843
4570,0.21984253381097202
5866,0.2576558658169672
5870,0.1538584081754109
5871,0.45970417757364357
5872,0.1560723176199847
847,0.2043617397121252
1248,0.531327550699854
5881,0.15438301794180687
1268,0.18578622383355547
1276,0.2389980615577672
472,0.24977065752188526
915,0.16888149664486274
56,0.16409613234185033
1708,0.1753943794219191
5901,0.23099959459423275
5902,0.3646901505695852
2382,0.18049045995602178
3245,0.21746081666374115
3249,0.23523420377205745
2400,0.43967773321708525
5914,0.18773342911003738
990,0.16800574880810498
140,0.16976195277735703
558,0.3521682331973953
561,0.40468204426094473
5922,0.4268403815392905
3025,0.2562819941703553
5927,0.20732902537997813
5928,0.2105500459239851
592,0.302317028540961
5193,0.16339442812980073
5195,0.18305368593159824
4478,0.30282980831077255
5934,0.4768225212194417
5936,0.2438176223096054
3313,0.17359002098202658
1817,0.1492967511225754
2497,0.275897345616372
1087,0.24879358975600305
5954,0.2545567906120253
3832,0.19334199039451458
263,0.14809829395476576
5956,0.23492986975770555
2522,0.21592390598357436
283,0.28219224997712583
1120,0.16845652118833632
1872,0.1751491641186283
5970,0.2026490181958202
298,0.20605062552292194
5829,0.23255636523794987
5980,0.4346881314689998
2868,0.3013974908178627
3647,0.322759859367479
5706,0.2970156675416238
5984,0.20912837352596464
4543,0.16814480855508
3388,0.36458201936393814
5988,0.26456821905805766
2255,0.3629480800548769
765,0.2031216937408974
4554,0.12991349436708263
4348,0.1756518686947076
3415,0.4366002129360064
2590,0.1487428426494259
3432,0.17241940318871443
825,0.2656451173907929
3936,0.19087409814417453
3452,0.15087984323063275
5580,0.3759346078775203
6012,0.40318257733479645
4596,0.2063837888028014
892,0.12291378352874502
3471,0.2626680657973499
4180,0.3791567252512052
4797,0.1688934871719517
2697,0.1789798554062289
509,0.205565227787881
5148,0.5333299374982983
4984,0.4874062662221295
4209,0.32355607341270753
5769,0.32091504282222577
5622,0.15455676918498376
1745,0.17282759483884058
4220,0.4275899219555413
538,0.46161744358795553
3997,0.21910823393460965
2404,0.13663449484533122
979,0.337733889899462
6048,0.28725225322803094
2750,0.17032876915041667
6056,0.17252726990681017
1013,0.16059174120420128
1402,0.2846630302053782
1788,0.505481614282999
5018,0.16461601274625498
4839,0.18215245226120624
601,0.1629506370367281
2776,0.15282362842772385
4267,0.1519239563978739
1430,0.39303145574669035
4277,0.4423891035900037
6071,0.3284929594040822
641,0.16756730720282265
3604,0.24235709426261903
665,0.16100998037390457
6080,0.1982105714626349
6081,0.2201353342543475
5052,0.34735508124365955
6083,0.20095614690778313
4526,0.16443543305618147
2213,0.1843391493399357
2545,0.19963903560261764
4087,0.12216822487999227
715,0.21795662693648205
6091,0.21874304918734516
2553,0.22560999947724517
4316,0.28021856949308094
326,0.17867733109021117
5848,0.23201019701967834
6105,0.3751048211085657
1193,0.1366330697931029
3675,0.2561958123894117
6111,0.4686461873863134
6113,0.24481634353548656
5425,0.19197627483036905
6115,0.16303388938774957
2304,0.1738770125123675
1233,0.25771440122675954
6117,0.22044210002329662
3707,0.18424254017698635
6121,0.24842602885166898
3468,0.3847468534891403
457,0.19753741213756226
463,0.2505466336905473
6125,0.13977827157194966
4601,0.21438837779068326
2345,0.14358385414106206
905,0.1407375185136302
3955,0.18092106647887063
1685,0.47319014656905556
6131,0.21915691723397407
4790,0.20716037970567225
2357,0.4162884368814813
2035,0.17013860300480393
3739,0.18825636655151468
6135,0.22827678834833698
2049,0.15346379056761694
1329,0.18314580620850818
1718,0.20366291150750562
2699,0.36540497824613577
5467,0.19843433055524806
3241,0.34813806323562185
6140,0.2156541551833945
1356,0.19735091467570118
960,0.17845862391994743
2401,0.2961123380153607
3266,0.18009386379148248
971,0.34166140488197566
6143,0.1458729939973373
5165,0.23172551038971428
1762,0.1767859997776311
6149,0.19693506651903292
2426,0.406212673348927
1002,0.37127778087268737
3289,0.2409395294573189
4030,0.22815087401751788
4480,0.13392000961736086
612,0.16211061970462326
6164,0.2891017705317515
1036,0.30429328907059017
4278,0.25882500214062
1059,0.15494336419853577
1440,0.17723160617326755
1065,0.15798733482050856
3593,0.24480937643382
6171,0.15442135441115448
3066,0.44823244885302316
4681,0.1808124119978603
2167,0.5525311824928257
5043,0.3353832164433404
1854,0.4307602064204421
5818,0.15817917855232272
5216,0.2192487685053205
3072,0.3259171635120753
6179,0.21180934874850965
667,0.16976433752120795
5820,0.16530435595979928
268,0.19692060572009118
3613,0.18500031566422198
1105,0.2165318209412737
1115,0.22337958244479816
694,0.2514287582192005
1507,0.20310389769707438
5238,0.40958388565420084
6187,0.21489178358616867
6191,0.19086394295558567
2877,0.5018329500156758
3389,0.14860899360236568
2571,0.1769062603616427
3129,0.17338053087429212
3412,0.25764310937825824
4350,0.5078600109866624
6209,0.15325409738909834
804,0.159838269502838
2606,0.1561027823759848
3439,0.2722264313482366
4371,0.3835975599264106
6215,0.18240797759164468
6216,0.18295123130870475
6218,0.18022451765331102
1245,0.45569144243327747
3700,0.20694716484822842
5120,0.2538031302332345
444,0.3550781984585437
2007,0.2563245740661789
1275,0.17282597110869066
6230,0.3152792717012214
889,0.22375645595596327
2020,0.1621396707665438
1294,0.24913226257008486
3476,0.23302513776121558
5446,0.3864631634078318
6236,0.2184186223156594
931,0.2437370784413514
6240,0.2692391622536416
5315,0.2565713990126627
527,0.17909733096682678
6256,0.2040160721808289
2734,0.18752106870059393
6266,0.4282110047890436
6267,0.19997905236547733
1795,0.25699343035916666
4474,0.26309734851709676
3036,0.21986663948647167
3579,0.20076129929883973
5356,0.2090156938170462
6278,0.17414171103811787
2787,0.26130051206717464
6281,0.20796040880588318
1812,0.2005070221683579
5507,0.2958926826602002
634,0.535054339853656
4669,0.14999319877054373
1066,0.14747980208460115
3827,0.41396727683018764
4502,0.24904460463150435
5813,0.17744254739073786
6287,0.23012693993657263
6288,0.27812950446237505
6289,0.5248831926629683
655,0.42303631691899046
4861,0.15606790732706816
670,0.24182169408105847
6292,0.210851889504222
4516,0.21575862159164128
294,0.21895642247369881
6299,0.2335990954775069
5536,0.3753719740430701
1132,0.15643592520437472
712,0.2853496280113116
714,0.5609848233899433
6302,0.3731376528581024
4092,0.2096233022522363
6308,0.4366033988179696
1533,0.4235964043091242
6310,0.20374154723168414
6311,0.1973130228755902
1544,0.1920252213110431
3386,0.25380523740173266
6314,0.2544658110239417
6315,0.24688789224555774
361,0.2548347696482976
4116,0.36204821573853646
4117,0.1904530266421864
4560,0.17376535791748293
6316,0.2960965626948647
6319,0.28576061444355555
6320,0.1647836892875578
4915,0.2843093488031935
4746,0.21029368577775157
2292,0.3042148796368218
5572,0.3237070161765488
1960,0.15731143868113046
1239,0.1661335254063055
6338,0.20538026314693247
5289,0.1658573203332993
4161,0.20979973191726287
6230,0.31314075263433444
30,0.39131441767343794
4779,0.1184338419111578
5753,0.46694481896122353
40,0.13865271710195146
44,0.32119120112600724
2351,0.3674881051647959
2682,0.2526569180568219
2688,0.45701338458282736
2979,0.20971848475227806
6239,0.16693301362648416
3501,0.27329475412639875
6350,0.26164522114837446
3230,0.1621553531606856
76,0.21698183241727975
2374,0.4393266816727508
6351,0.25505379728109756
5312,0.5109260904793617
5149,0.16430620723759803
6352,0.23172449882775722
90,0.1897786602855856
2389,0.16541473404301096
101,0.13733011891740612
3001,0.43600986590799856
4222,0.2932632699738574
6371,0.20675520856668245
6372,0.2152598876873449
594,0.18282146212887207
5351,0.2185037019354687
4036,0.247894270484319
1805,0.18440660684319776
4665,0.3073075853073617
1047,0.14996893079561907
6380,0.19471679278480902
219,0.14472139790628846
6387,0.292960041545053
3599,0.17472705275173211
2824,0.20001109783181997
4688,0.4413210563481613
6396,0.2202281379486855
5225,0.21634371290137383
3355,0.24526864756966066
281,0.40091565795523043
2211,0.1685481588358591
1153,0.17350231344296457
2886,0.4010975165644669
6420,0.5220205223434745
363,0.2498134904019158
6424,0.35831331885759654
1932,0.192894680231272
1569,0.19100900713925056
4566,0.20061970722695427
6428,0.39545556062639026
4572,0.22293911820111378
1244,0.18885033408642987
2645,0.20611271606763334
1249,0.46010672102904127
3452,0.14855024302232203
1252,0.18802403108491234
3706,0.2994450917226365
1995,0.3029248505818761
2658,0.23307117235362124
5436,0.2073263315992832
6449,0.162965614690821
6450,0.2184910885106623
6451,0.27235747610139127
6452,0.4386676513420804
3493,0.21586958792812572
1311,0.22141252968124997
3221,0.1938560523560366
5599,0.2039544854697691
4610,0.3787051605407106
4614,0.1856806578231962
1344,0.21597627452931983
3758,0.11112806415474201
3006,0.4229157402165079
4226,0.2671387254885462
971,0.35623543503647215
123,0.2644217518437636
1369,0.17256237849127817
6470,0.2947894882410106
4639,0.21550591128589464
5777,0.22569386935355645
560,0.1866310733773518
3284,0.3080611637899737
6480,0.42046419216192543
6482,0.198305301728594
1007,0.3693509643016196
3290,0.37680094048756196
2762,0.1783326015989484
4259,0.27428996543716533
6483,0.2577011565820396
6486,0.5301337950687022
6486,0.41404536899780786
186,0.2852479263794558
614,0.23028075618300273
6490,0.21137710884666938
1422,0.1220601738711851
6494,0.17718399245876365
6495,0.22706579324121923
6379,0.4371587706861324
1812,0.19959859970170687
6504,0.17755365466933454
6505,0.16146970897889218
2487,0.2301878414311112
5665,0.15964110601554524
242,0.20495004742462097
4290,0.18170470918259307
1083,0.1426108985041315
2813,0.16230000127092387
2507,0.25707364673762934
6519,0.2255199981333162
4519,0.23938879065713223
3845,0.16094207673787375
3620,0.181934348328019
2538,0.2519288262906041
4876,0.14919857594082503
6528,0.2811040963990098
4311,0.5093847891188368
2549,0.3056544476557041
2228,0.5211182258518465
6543,0.27517568182415053
1900,0.2873527963853225
2879,0.2993210249179804
5552,0.367690746060513
4335,0.18262676322514676
772,0.16493348959145387
1562,0.24887505896784234
4558,0.19977921564470752
3141,0.17902219775727635
2280,0.32401399106645035
3901,0.3108864128732832
1948,0.1749847579524635
6557,0.25008563591623023
5735,0.1971746123823759
4153,0.2289022470643306
4378,0.1670871794370076
1657,0.2204571911027347
6575,0.3230357107652577
6576,0.22953759365326837
47,0.26708615062529234
918,0.1622151624052976
1312,0.2154552695636498
6585,0.18412485327641387
3973,0.11474079640729794
2379,0.22637753031398766
5316,0.2480243356273534
3245,0.21415247349674532
6592,0.28605254903485305
6593,0.24427499876167563
3276,0.16617221137615346
4005,0.16802022455298476
1376,0.17749923792752975
4827,0.382003439866318
4463,0.16716908421034998
4468,0.15712425216400283
585,0.22851055890151767
1411,0.15047327392200455
4841,0.1589616934617263
2131,0.2516858347792298
6498,0.1996648378436393
6610,0.21951669505667804
4052,0.2115635824241925
5660,0.2084364735192732
1068,0.15917184233132992
4054,0.2913119474552535
237,0.16944311316409683
3825,0.1764429771148766
4502,0.21749777035061646
1455,0.22923430721067412
6618,0.19477661202926447
3080,0.30628489949225113
6626,0.25465954468919444
4522,0.2637945777946364
6629,0.3569857813082891
6630,0.3732891451670973
2862,0.20538262195455792
6096,0.15574959134454225
6640,0.29751797659326207
769,0.18870601788759656
6645,0.1831786288058715
5411,0.45969240791730837
1210,0.19838683725296646
2290,0.1531070969406966
3154,0.2520871255464838
6651,0.4716190588906741
1613,0.809935112704638
1613,0.8057923516415137
6653,0.21330301544236407
861,0.17903407827429835
6657,0.19861659425811173
4162,0.19821098614476923
22,0.23197039775917505
3722,0.27785148543154425
3211,0.18475550875984584
472,0.2509695701745873
3476,0.23416270172816134
6668,0.2871173297123331
5597,0.27010031240893895
1327,0.3568907080467478
508,0.3557896325853222
6671,0.20048315032511208
4798,0.16552151463351206
2985,0.1297889398821856
6673,0.30710030694703166
4622,0.21119966176424773
5613,0.1724446250778544
6678,0.4665123247767344
6252,0.21159608872671398
3008,0.12800987821136134
6472,0.24392510908686757
6474,0.22192949783335925
3549,0.3494349695594635
5004,0.2824690173154922
5632,0.16744983886053086
5175,0.40983790282205534
4642,0.1888151300872275
569,0.17721730946579214
3300,0.203249526506573
174,0.1739881611576177
4029,0.22432814302056503
6702,0.17700013217234573
6161,0.19137902264264234
2135,0.21973952244856168
623,0.2634602729543123
5359,0.1777919765655167
2146,0.3892642191541095
4279,0.14276305243543003
4280,0.5123978035870513
6709,0.48399887588872026
3323,0.1756727398977219
4057,0.12459926898593346
3605,0.3649458524231101
4508,0.17198517394107787
6714,0.19123487247748625
6715,0.33221392008219064
267,0.16242853168215515
1881,0.406638896378921
6725,0.14166265842687412
6727,0.4010137543354042
3110,0.14742857311464547
6730,0.4286062246719008
3645,0.16274284782059117
6732,0.39660982163380365
1908,0.27972157666467506
354,0.5074863869279764
4734,0.18044850147271918
1561,0.2973408261296313
4115,0.3037951709283465
1931,0.18461443472887684
6745,0.42487739051217593
3899,0.3220296972087823
3901,0.31111510865702363
793,0.23952329839506248
6749,0.2677487471036076
5735,0.191896217089771
2305,0.20086927870416743
2639,0.5370784881912379
1979,0.16734740089279188
1980,0.16854629714247213
2944,0.13831310187712648
9,0.3030355415323607
3185,0.17046840097182278
4598,0.12800146555421243
4958,0.4416078020998506
1285,0.2277162741129678
4404,0.23900591550473588
6760,0.28273330353656145
6577,0.29965338490417237
6764,0.46104962956043116
52,0.15321867524604488
3958,0.31369625560688225
5759,0.19574482057108866
2687,0.21480085654912895
1695,0.18034574015590832
1696,0.15626345773002423
62,0.22923219674873255
4796,0.14799801695871484
4981,0.19045795265122645
87,0.2023943689845754
2385,0.3580886014387579
1727,0.25888181318854353
2072,0.3746319165559851
2727,0.15617716983161678
1750,0.5743279969147832
6597,0.3418150903359513
3541,0.15541407711345506
6773,0.38156705666227264
139,0.17367328707231383
6050,0.2691709479875022
5005,0.17266596664983302
3292,0.2251061542623864
5184,0.474783087429123
2113,0.24244126651476725
6157,0.17125131628035456
6700,0.2051626549505398
1796,0.3685833332862696
5351,0.3272325356086668
6780,0.49521261050923626
600,0.25537603576015366
3800,0.20371760769041553
2466,0.1604161441429074
2784,0.20269387758721472
4485,0.1995305578163023
625,0.16687262567417857
5656,0.25731307899241895
3316,0.24423537853346217
2145,0.197682562435616
6792,0.28249554642374985
638,0.2548430047063045
5807,0.35280034497646184
4282,0.14699119925994925
3595,0.24092876877365976
650,0.12160127772742511
4506,0.22922348679275834
6806,0.35980573101457936
5821,0.3116107697006777
1487,0.18957578118925625
2202,0.13745464857119793
1870,0.11485679841539617
1870,0.11480910114673086
6190,0.2791218331829704
4533,0.37457772029468406
4534,0.2092863096200996
3119,0.24249881743702384
744,0.31415299697397403
6200,0.18441326843657319
344,0.16443983023201456
6823,0.1822800093291674
4898,0.2134501482567025
2574,0.1960580721567633
5263,0.16196828892173465
6826,0.30651479569544154
5563,0.136054396404867
6828,0.2147398216105434
1946,0.27347766955431047
381,0.28988762710128513
2291,0.18486395679711137
807,0.289462842921981
2300,0.20506225336434614
835,0.18300102420111547
5872,0.16852218555502468
6838,0.34096487195329805
2,0.18846927593408047
2949,0.14861243539471272
2663,0.4949760980003396
6847,0.27096215569511584
3194,0.35989021997655424
1292,0.1870917570959182
52,0.15321867524604488
6858,0.26543969536936857
522,0.28449586919852854
6246,0.23632185284909302
3536,0.15551650516099513
1370,0.29419608298315425
3544,0.18100725123924227
996,0.4040185364395042
5634,0.20117569072724373
4467,0.219937214549848
2128,0.20170457212037457
2775,0.14896310070529123
6877,0.45836492765558723
199,0.14798909550052572
2778,0.22994976491657623
2475,0.27317740720312694
1819,0.15456990211885852
6882,0.32952431755731737
4055,0.4481214121384437
6883,0.36052086151481016
3828,0.19195936695010046
4288,0.26153139194920727
2170,0.1358752659410178
254,0.25728627418203687
6886,0.24031533734769603
6390,0.38366044990615866
3610,0.265891835450513
2189,0.16510064917622516
274,0.17540361291026785
2193,0.1478019882589715
6890,0.18950932485392655
6891,0.23547595890699302
6897,0.27237793155504136
6725,0.15030673453319385
306,0.1696193238561673
1523,0.33944140415051327
3371,0.21251170763018745
1528,0.1569768851320416
1151,0.16502193667538428
6196,0.18668490510065197
5986,0.2389202450853223
5400,0.4192678296505831
2888,0.24610391621151007
3393,0.16626732383863102
1917,0.23916612732454817
5095,0.18912468723987347
2265,0.2359472546937481
4915,0.28798848650137066
2595,0.37076471474107653
1212,0.17552128735287875
3151,0.43075717196424623
4917,0.22712600245244013
6925,0.4330894097610457
1597,0.35077759316754203
3162,0.23305669885155428
2930,0.1908329892540291
5739,0.3178952637319802
5740,0.20942453615032958
2645,0.20218361378880523
874,0.18966194317317797
2336,0.43392712994023064
4784,0.28279546923472704
3211,0.19114684560842943
3214,0.2092801168624237
2356,0.17513910466227303
917,0.25315979475056827
54,0.17494929121130232
1693,0.16374088418252714
2980,0.3933274660974489
1329,0.18472636854871305
2377,0.4644205287085871
6958,0.25881814143793497
2073,0.37733577285104725
6959,0.1601195576099142
5770,0.23179646778637425
3762,0.1582419166591178
3766,0.23509769549200854
6963,0.2156095665996387
3281,0.17331557017156224
147,0.21479322742109855
5333,0.4648373812362119
6966,0.3542281792585409
6696,0.25913842244390606
4254,0.23776152334574482
6973,0.27006907619305354
6973,0.2664567297280661
5352,0.22888837000834752
6976,0.18396049581028087
6979,0.3605889051113072
631,0.2847712518021987
2152,0.27314156088262087
2483,0.138377225615888
6070,0.15255350177993357
1066,0.15045304635738171
6388,0.1704714604543082
247,0.22523664821851053
2499,0.21045145521607608
6990,0.41961635084754645
2819,0.26910323121673685
3840,0.17619651103879458
6996,0.18515238803020004
682,0.33610883708970196
7002,0.1769658726165565
4705,0.14938289480043812
314,0.28821805619761
7003,0.453726647593544
2232,0.18172166576033996
3117,0.20533962936226474
5721,0.35586363390149145
3399,0.18028983640169705
6423,0.42428452471888534
2611,0.3428060637874764
2622,0.15914077483248817
4924,0.19282035395689984
1965,0.11615827527145135
7022,0.24034829852553807
3443,0.14964308357551048
3695,0.11934524788192832
4152,0.14606505648912765
1240,0.3377686001289405
6,0.20263763136428659
6657,0.1983530089881594
1256,0.16676545170232318
7025,0.3610759974207519
1273,0.18079008371163008
6847,0.2508933698264459
2970,0.1661372758016722
1685,0.4711658916761752
7033,0.19928431774267863
7034,0.18234793238825253
1335,0.1163195756076891
3970,0.25337038439401166
2061,0.15801743379628777
2064,0.49862499217346173
3977,0.19686357933751536
3980,0.15139895626513178
6592,0.2959594239073616
106,0.2035135456523401
3525,0.1871986476471173
6141,0.3647876663158969
4219,0.22345485070699445
121,0.21150143783162212
545,0.165966735308132
976,0.15685806701009383
4995,0.3721769315369163
7056,0.2245247420791119
4464,0.3526267553282989
7059,0.553577560637381
3561,0.47963613216696727
6152,0.3990009408494219
578,0.34192662763342285
7060,0.4435996647165428
4838,0.1914422174750584
2128,0.17358174386175534
4034,0.38990668651016575
7062,0.20575809532935693
5792,0.40699750323238526
7064,0.18262082664209853
220,0.2849625764239738
7069,0.2160253691810171
1835,0.14929342387493555
7071,0.19419560395461513
3602,0.2433941181163061
655,0.43930375970138147
6802,0.18948245180697199
5215,0.16213649558045837
1095,0.261560049593729
663,0.21287188985004202
6079,0.18858422099829697
5379,0.25072522721863744
3086,0.2716552415721546
5053,0.17850852555150248
6809,0.15657901326849022
2223,0.18060057504365265
5546,0.2171363760833408
7088,0.3198859981656268
339,0.19603947824075957
744,0.33313976558726394
2880,0.4204109702048319
7093,0.1837765544111797
362,0.1635150485704202
4738,0.19298737851929357
3667,0.33985790726609744
1924,0.17390307737589875
7099,0.39342560744337934
1563,0.1743653172821343
2273,0.31084384603532467
376,0.17088142795377204
3897,0.16982920597128398
3900,0.16654848134059713
1204,0.29189729503350853
2286,0.46335510106544153
805,0.1862184576185043
7111,0.21324168561798196
3694,0.1838057295821455
6336,0.3300928203598343
7117,0.17119861435221598
7119,0.20769378482094306
3451,0.12875646175857594
1997,0.21677626719944335
18,0.5306874632049001
1276,0.23717425077049847
7121,0.2355542097629628
3955,0.17745450632760662
2035,0.17156523760813963
1696,0.15753120023909925
7130,0.3497019415840751
6136,0.16848003483727106
7131,0.312098738493928
942,0.17195655455324604
512,0.21203698114592487
5604,0.3284336332785527
7133,0.255373319329968
3978,0.147664384024987
956,0.18682509183679422
2082,0.2653334816262217
7136,0.2744439659174248
1359,0.46703504102121085
2728,0.322443971907725
3273,0.2086200991111219
5325,0.26434327643854927
4812,0.3440583118324025
3283,0.18404869024999132
4009,0.4326764186858699
2433,0.17837259058134905
7149,0.422730719936078
3574,0.41740472854875565
2471,0.14011162286195472
7153,0.18367589462210826
7154,0.2061953798411838
6791,0.3638735944323119
2482,0.1417675247348511
1444,0.17457391167143305
3820,0.3761133555952981
7161,0.20144390178281746
7163,0.3916943161092781
244,0.28857415034851064
6287,0.23899159625459315
7072,0.27083389783551776
7178,0.2976251485208547
5242,0.2125893064314812
3863,0.24034246134516946
3109,0.2821598281334052
2238,0.4465015528638566
1532,0.24085687857227792
2565,0.20580235411762596
1166,0.2944022135763006
7194,0.2579096032175562
2884,0.40985994922079005
3389,0.14894368997264862
2568,0.15386088320686084
5847,0.2341969410270459
5259,0.24531101256425278
754,0.33776606351944233
782,0.2718545225687151
3674,0.21428662509040902
7197,0.43688465556670775
1940,0.20490886957149473
3897,0.1675851579983027
4128,0.3522067058591126
5107,0.24217968873293538
1608,0.19151489548538708
2622,0.21121371509398906
7205,0.2831216034850087
5424,0.218353987897752
7206,0.44450352338688864
3443,0.15370712019286772
5873,0.20802965634056708
6217,0.2341421200423212
2644,0.3822283565787493
7212,0.19316682667892826
864,0.2003607813393023
445,0.1096975323195237
4167,0.22405123352736248
7218,0.23204992582951262
5294,0.13573668370484004
4174,0.22906830649731985
6016,0.1842955787849177
7224,0.18037069358493216
56,0.16653983377831127
2040,0.2247204605594913
6765,0.21783182323188788
3228,0.16958278203177485
7227,0.25108058679305706
3251,0.29340517003114286
532,0.2017268132310906
533,0.18688199114449358
5156,0.3513416646622098
5619,0.258229493577878
2399,0.18854141113591277
1361,0.26499836715434055
7237,0.31183044674767685
5166,0.11531293577927217
7239,0.3882985845585297
3018,0.4678828703980838
1380,0.11148597688985933
7243,0.4615955380320632
4455,0.4999871095180161
2424,0.3548586111310549
7244,0.17557736095834175
1388,0.31168581775907345
578,0.3344209022549529
4019,0.30255786210184565
5342,0.13675913647571677
7247,0.19748670620334868
5649,0.2392081457443405
5190,0.13680558566491874
5200,0.4526277586785456
1037,0.3025568484951672
5938,0.20291080679611098
4486,0.2738450547367847
5505,0.13844674626993744
4488,0.2221155357338156
4279,0.1432985636573627
4280,0.5197123891984152
2484,0.4546076904872326
7258,0.32978446010315965
7261,0.1751426998990829
247,0.22523664821851053
6389,0.1890178404177527
1084,0.1594171478676895
5670,0.22492813564495273
7265,0.2916300079882339
7266,0.1646332718053544
7267,0.21729351691468446
2821,0.3555035488227694
4062,0.25838130147824634
3350,0.15165307933483507
5529,0.2039085258447359
7272,0.39119125341488975
2840,0.13447639760624092
2208,0.18638179352470016
7276,0.37783288142078686
2215,0.2018287077794729
716,0.1308939659611893
7185,0.45789582407723595
327,0.18084555824190499
1534,0.24865549555997082
2246,0.278721704526657
7193,0.21515163427836786
7286,0.17590237320207402
7287,0.13631959679445269
4891,0.12106844593980287
3123,0.18725664564698566
1929,0.2501965657933234
4344,0.16780518213501122
369,0.20573292340885907
6207,0.4232617108042477
7102,0.15294925828797357
1213,0.19442385767489084
7306,0.1982764100862333
3163,0.27755355942948295
7307,0.2164595804799363
6749,0.2698273446470004
7308,0.23747858415790113
3168,0.2772899672756785
6117,0.2064806505653045
5580,0.26355971641862075
1642,0.19278890721636582
1646,0.22365196057219217
7317,0.3786336722345056
4172,0.1947847875686538
7318,0.30698866969326527
5892,0.32427206168706946
891,0.20409805704167128
7319,0.2551121350785374
4180,0.3433192487182021
6761,0.17951245455000583
7322,0.2122956393454703
4412,0.17980336305389485
1692,0.3308625602139469
2977,0.26813491261762734
4975,0.2132354645156654
6243,0.38399111955981635
3514,0.16155887621428064
105,0.1887226312701878
7334,0.1820489777041488
973,0.37328250008949526
4441,0.19744824784679466
7342,0.41811440864897575
7343,0.5557844316740923
7347,0.5266288783744659
7148,0.15070421145767257
2749,0.13829392986295558
3781,0.2613033832616929
4656,0.18801463711484584
7358,0.48619328789702754
3039,0.24347550713342314
5798,0.19384998504904638
6281,0.37650243306580355
7363,0.26868832380991126
230,0.16969426046198122
1070,0.13537437612605252
3827,0.3440669624435823
4678,0.17414391457705372
7368,0.18406397473109598
5954,0.24748017431711597
656,0.2499300060029841
7370,0.22547037156121125
5221,0.11771588085816094
2831,0.25588116573302977
693,0.3286899954614798
5533,0.23944769505242292
4310,0.2332199202609568
5832,0.24051416596118613
708,0.5358286706813484
311,0.20185494900518922
5836,0.2671457182584632
1892,0.2013179150748133
4713,0.1876300170650837
7386,0.2450815884810265
3871,0.1849011406153634
6095,0.14294503796900285
735,0.2363746548316838
3881,0.1321414402998839
5259,0.24636849617024484
353,0.3554332500309589
7389,0.2344964849829237
7294,0.1473974494504356
7391,0.3249532697572217
6106,0.20124475024981234
6108,0.6513376714119932
403,0.4479285325167487
7397,0.23542173257160764
7401,0.525576570534662
436,0.21320387464596366
1258,0.24397349564521167
7408,0.24264580782973977
1651,0.20484041950503762
1651,0.20097119013313774
6568,0.40935791417442136
3192,0.17006595308714012
7410,0.38801911716678783
6760,0.3325791659426434
7411,0.1801047241927907
1675,0.18031652789355385
3952,0.2901651680147824
7031,0.189497038676043
4604,0.20124562730575463
3497,0.2202922526168919
7417,0.18445562994136527
6239,0.15834691668225936
63,0.3196783332147565
1706,0.4787346758611263
7227,0.2534398851534867
2993,0.16745734366539516
2082,0.26966471864745933
5329,0.3690378537913669
6149,0.20118427466167974
4455,0.5095098893551849
4252,0.3646302872208931
2444,0.12205557573594286
6489,0.16682996275497788
4846,0.13580161844264196
2134,0.3394448633847962
4847,0.35781093109118656
6880,0.18231031752948762
7442,0.1713167636469063
5512,0.18583455325804513
4857,0.15125239016808348
7447,0.277326520311101
3594,0.39474441779334024
7451,0.23365334577550595
1453,0.36757859242201646
249,0.2155069152667169
5813,0.17933532272782093
7452,0.49550286950246347
1085,0.2054409410541435
2509,0.43616923606144853
7454,0.15284934789866433
666,0.168467099058112
4075,0.3115609740142264
697,0.16376169072431976
3101,0.2787108748289242
3362,0.3381136810890683
1512,0.27864612294208857
7182,0.33829788680875195
728,0.17125292425999766
7468,0.16245214282194614
1149,0.2924503700215686
6317,0.20962917438701006
5861,0.3488082213442466
3902,0.29317804582861995
6320,0.17508209924601528
1208,0.4297477540051069
7199,0.17314707666347767
7478,0.1883795203281754
2295,0.3295896573015943
5867,0.24212339943942518
7481,0.5394310220866844
414,0.1404649643850409
2935,0.16463110239832665
841,0.3328055232485704
4582,0.15370267535290588
3696,0.41531960139917035
2944,0.1367401580554939
1641,0.36500866379428043
3711,0.3602000104791925
1264,0.14569928843631152
25,0.23454919545221278
7492,0.1991981144698619
1293,0.19645908719115152
7494,0.16741819733655877
7494,0.1657185660883263
2672,0.21401424507996464
7499,0.17292220902475458
6131,0.22352988652348038
3958,0.3241804823094187
6021,0.20684035420194538
7417,0.18198226872281537
3749,0.2205687033728938
4198,0.2458624944070563
4621,0.2485261348458145
5157,0.19655320638720675
2090,0.1916674836535815
1752,0.1643398665464766
3535,0.1680194527782503
136,0.18824177361764086
7513,0.23062641151129504
4824,0.42748666650382566
5633,0.19941406042045268
155,0.17107571557539308
4464,0.34140372863101837
5181,0.19962790819765502
4648,0.24542885204441942
2112,0.2872717510862647
4470,0.18399878861371322
3790,0.1748770780353196
4025,0.15708395834367705
598,0.4439735149341636
1800,0.18677077324390484
1803,0.45408609741346073
615,0.1629790125153162
1047,0.14482630438204153
1051,0.22101070546534762
4668,0.16341679407633256
2150,0.3067785165030738
3323,0.17565339699567697
6079,0.18656358684769195
2520,0.27790023051775137
5966,0.5665340159884209
2848,0.2889866487458067
5829,0.23125705308470282
5242,0.22077223694272174
7548,0.18131184600636202
2869,0.33235064540982423
339,0.1968267401942569
2878,0.31828745851515367
2886,0.44220899938240604
7560,0.33716437861621557
1190,0.15723025116368808
3411,0.1724870373993611
3413,0.14539011892285333
3414,0.18551449021103666
3419,0.1610230754685495
7015,0.28325414754948197
1950,0.16158155808379376
2299,0.23757095287267938
4150,0.21077391963595898
7575,0.42769399424691146
5,0.21218274186677438
3452,0.14788009455060344
1258,0.24164029210463056
5888,0.24523647759594452
6755,0.4988676624552069
453,0.2401902794869068
7579,0.32498975061581215
2675,0.14933806369135333
6239,0.16610639098681595
2362,0.18168690603480236
7590,0.4372997846700257
2066,0.1799498530322903
2989,0.17002180390107002
7595,0.44879241032467665
2073,0.37628921242912483
6867,0.37802808811868716
6246,0.2373390056596414
2081,0.15792151176180166
4221,0.22527972227026272
4231,0.13589742239395566
1760,0.34141350140154286
2097,0.22570599323384244
5004,0.27550079327515375
6967,0.3123719862494153
7607,0.2358908785570515
7610,0.5790071101329369
7612,0.18237509141715252
4466,0.22676986322328785
6369,0.33146717087664784
7355,0.17606001042344754
3573,0.42316454953261196
5197,0.23062485106955663
5936,0.23496989215970457
6981,0.3841093550728538
1825,0.27752841949948537
1064,0.19839684642583347
6072,0.268096072268808
3598,0.2659787511577968
7627,0.2587037150748976
7629,0.190739253119048
4066,0.2806514335268659
2194,0.1832498823971856
5699,0.25083557583966726
5239,0.160743926113154
2545,0.2006809992150928
7182,0.3420681075513258
4531,0.16849375864834104
1888,0.18460268990581546
1527,0.3747481396548541
4320,0.14308014564979643
4535,0.34748696554715386
4541,0.23294866060896702
4542,0.2312747527597656
7286,0.1696908150365102
6816,0.22521162070994025
4106,0.1280153316401602
2887,0.19187816983748604
6100,0.4411858520930589
6203,0.21939772999897503
1192,0.38880397632312697
4556,0.2131945782327183
1201,0.1901932069757681
7199,0.1741713900812146
3426,0.30535706507909727
3428,0.2042203948721431
2298,0.18556099330653084
824,0.12178074617892282
2303,0.1952157005411035
834,0.20544495994017947
2938,0.2339381079462274
7655,0.17970870023891794
2316,0.3589726394037329
6752,0.17214767787488228
859,0.2474488898904098
2656,0.4302612767520041
2954,0.17312833981443393
3462,0.17587111825244298
4172,0.17638601889835778
2341,0.3233342634974322
1284,0.1460377206995945
1669,0.49599930096559286
2670,0.4573212987924755
3212,0.16769497927777252
1305,0.17807860825912902
5303,0.3661764464168075
2364,0.33342944100173655
5602,0.3006930589949151
6586,0.23948623926001789
942,0.174259181298516
90,0.18831912845933174
7667,0.27226321645743745
92,0.11457089763137293
2085,0.23802864469399876
4436,0.21276930414949788
544,0.18179262456897816
7426,0.21414569182392929
6771,0.3404927026927832
7238,0.18066798744456367
5167,0.2870793447573621
133,0.18618652470949387
2417,0.15548778690280757
3773,0.3322743754895493
4238,0.17388274492042768
7147,0.3076890206208841
4012,0.18095880121632338
1391,0.2530709642745982
6698,0.1991109755251383
7060,0.44959985650213774
7060,0.4148338581223048
2112,0.30657661434485833
7615,0.251547183846826
2785,0.15314048690922216
5359,0.17555959849719407
2479,0.3235169637381886
6501,0.26066266997098025
2798,0.4162365172803195
4278,0.28017133293743923
5822,0.4237039432320072
7704,0.17953339805667612
2523,0.14873947792041267
4073,0.2492940478383982
7707,0.5031930160949595
3625,0.3873146635739479
7380,0.3937049548797835
2213,0.1872657492836572
7711,0.17777863228104895
3365,0.17870690312066856
2222,0.4363244230469006
5543,0.2314358478856331
1885,0.22437861298440132
1166,0.30226551466497265
4725,0.20784978904776968
3387,0.41937153742568006
2890,0.25449934803849844
7719,0.29891038094520794
1199,0.16652698770665286
2596,0.21954960879279112
799,0.2263282569736122
3160,0.32472284480130487
3438,0.23270946720795693
6836,0.16610046364926656
1618,0.16323187348721865
6751,0.328743508680864
6337,0.27568330022050447
857,0.25457053766329063
3448,0.20268874660786235
435,0.30694486182854336
1987,0.293546312426979
21,0.14361787669756648
4956,0.18611821722724742
1664,0.3652977159233066
2017,0.16133420068369736
6449,0.23257978890963632
3726,0.1907810322636067
7733,0.26495127245865374
4412,0.1951924824697282
7734,0.37614672819158124
3490,0.3252723051686115
1309,0.19467859734051662
4605,0.157631477112057
7736,0.31237173786832273
3223,0.4110507999927203
7738,0.15973922732531567
3230,0.16409572126025082
7740,0.2770213626318103
6030,0.41935026000550213
945,0.23164456579858417
6673,0.2679321398040774
3238,0.20010163775198317
5615,0.16352581661428942
3254,0.26552805330001317
533,0.18465873075038364
109,0.21005449353565103
4213,0.15831162645578883
4437,0.1952873251868324
970,0.17017068431043633
5630,0.3459275827627713
5775,0.12761717789509655
3020,0.42869491524024644
2105,0.14561854525967854
560,0.1889125305510119
1775,0.4205447184788511
2761,0.23243546200539117
3298,0.1684591264058089
7755,0.1788267825698734
5645,0.3249852395320083
2453,0.7555881970183306
4842,0.3255036666984685
617,0.26181550394996217
621,0.306581029542804
5029,0.2605993915368915
3048,0.12979284219352977
5203,0.15335801836946997
5360,0.3754914137718559
5035,0.304101269464736
7759,0.2620902511193169
4496,0.17529107833761137
7763,0.2322648168274469
4062,0.2610824202440545
2517,0.22759706757884873
5820,0.16530435595979928
7769,0.43945320399696436
7770,0.1536462442580251
3360,0.3193940830640019
715,0.21959938383358169
3367,0.15797017287744797
2864,0.24063245572575803
1140,0.15739711400832662
5086,0.22075729488441728
1903,0.10748551569952453
1548,0.13642872310440904
2251,0.20315329457234416
4897,0.3315975688962345
4903,0.2484291130193335
1922,0.244641881446647
775,0.3234915408325932
7782,0.42944934000995993
1932,0.1888781347029529
2271,0.21501535172513508
3144,0.4526080657760531
4127,0.19318061731341063
2613,0.1700115113168823
3162,0.23025263499613594
423,0.23473858345133436
4149,0.19022016398953787
2637,0.33334997639858566
7790,0.4087207690353685
2646,0.3331727368759551
5581,0.20269132489357133
3182,0.2615777724102983
7791,0.3322438439376332
5582,0.17570714455023384
3465,0.279192017430655
7797,0.18198416783443438
2960,0.31078899683015637
1286,0.38228530420538614
2969,0.285791820817687
3741,0.1884338542317533
505,0.1731387839965579
5313,0.37603784656886896
948,0.3174309328761595
92,0.11470897232118697
2390,0.16218306016703898
4212,0.2727559208651857
105,0.48050980842708957
6141,0.36617248572567973
4990,0.14898419146379258
7811,0.3064934092011486
2092,0.2503054595295255
982,0.19096785733773886
6048,0.3069677729469227
5335,0.28748882520186747
2436,0.12542526563118173
5345,0.3083805708568007
2125,0.11866821084561574
5020,0.2543952461340734
5353,0.1728044830805154
1803,0.4809565794843286
4271,0.16643067903611325
7823,0.4476415124050136
4489,0.26457756191413717
1825,0.2711382730166129
5660,0.20751851758084539
231,0.19046082146357254
2802,0.1682140921498501
2498,0.17353987378297478
2499,0.21309188473568935
7171,0.274563797927321
668,0.21270786723946866
7832,0.2689693317510603
674,0.17873623184194454
2198,0.13473268121923818
3087,0.16736960026758324
2531,0.1955486639312808
2207,0.18600269570229475
3097,0.17648288008702281
2541,0.2351630135963776
707,0.14085431150364758
709,0.18284403040550717
5245,0.23869822349235365
4706,0.16022697276178013
3641,0.1633427348635272
1141,0.22280667424695416
5249,0.22268927365542318
7840,0.19709503916927232
7288,0.24444347396862395
7845,0.3446725773682564
2257,0.27509711276026866
4898,0.21604703904838785
1578,0.2750973668830696
789,0.311407721277362
5863,0.24635030747605607
2600,0.12035805786520902
7855,0.2948564693804255
4357,0.17176832676137338
7394,0.1666361568179583
3916,0.16794178585228373
4756,0.4099830739864444
7859,0.22953170539229295
5737,0.19502775198541497
7862,0.33205385870078413
431,0.24637869925785472
4943,0.26483397885975046
7865,0.3845936914918201
2650,0.1581793112742016
1253,0.3007890619492254
867,0.3476780999568635
7728,0.22937810489057747
1259,0.11417660545161075
2658,0.1933899025782045
7488,0.5582275896016214
1654,0.1764564553608891
1659,0.14183380740621568
4392,0.20579599481256758
459,0.2852554029409758
3723,0.27478342314647575
7878,0.5064300394562296
5457,0.2894442429900945
6025,0.32190521767385905
2051,0.1806542612469587
5142,0.20531733856096743
7885,0.321957342419669
533,0.17537829527455345
7338,0.3367166618553394
3264,0.13410642309894272
3273,0.21379878013174206
6868,0.21990207538085388
7675,0.29424829337426295
4445,0.22891474811638235
3543,0.30652564272643196
2417,0.16917224025939842
1765,0.1517045775592639
5173,0.45369958210837225
151,0.23454711976337686
153,0.2421526026723642
7894,0.3146984706199416
4456,0.20458484567214436
2756,0.14521873580548525
1782,0.11878313823735878
4664,0.18905683342169843
3582,0.1861220532909657
7901,0.24469632358696194
6063,0.25220523653854177
7904,0.2256624716993348
632,0.2442209708646243
265,0.20191428379937465
3348,0.21036985903990552
6521,0.4824795605670314
2830,0.37905277290526657
279,0.4347445949591268
7918,0.22564556631453836
6896,0.17056088207452752
4877,0.1670517587199084
5064,0.28821879523648736
5241,0.23587093701613404
5389,0.3343944868592101
721,0.22695538843080898
2236,0.19010134823628239
1897,0.2008780455951017
5987,0.1687048610203513
1175,0.15779188456740106
6314,0.253163601628523
756,0.1917468643459077
3130,0.26674498416841763
4119,0.1575820841840643
3898,0.17997841791210628
2282,0.18739202872090918
402,0.16566287901135232
7933,0.16974988818401715
812,0.17916820798793845
7656,0.41854202564859516
7941,0.2159989176390304
6218,0.1543106758113112
5877,0.3759822610511377
5284,0.44420128499985023
7865,0.3590303486696775
6656,0.3597889592676325
2952,0.19492570277071813
1999,0.24165405576752452
4162,0.19815579209021064
6755,0.42226396439664704
454,0.1537035917580383
3200,0.19753153862833653
1301,0.1760707481247057
6857,0.2517154853666981
5598,0.4321710950048976
502,0.301135596099143
7952,0.24876527787900815
2985,0.13001723643909244
2385,0.3291059277298924
99,0.44361006946081677
7599,0.16777459714541662
4215,0.2039691712711672
1741,0.12434467392320953
3765,0.3393698872819594
1766,0.16025218398565
4457,0.16951739089856882
4644,0.18273188048858538
4245,0.24348887510364525
572,0.37870249252652854
2111,0.30750780397072386
172,0.14203341807522607
177,0.2514364240608241
190,0.17462903161392146
5355,0.3332251309670239
7969,0.30557400714365784
3580,0.22922306515985708
2470,0.42261548399832705
1834,0.2584865035530008
3599,0.17418345426939652
257,0.43052088810440625
2828,0.15375642144725435
1871,0.1783946818618778
6185,0.14134209753525095
3629,0.15912816113398565
7001,0.16491662709362612
2862,0.2046069405613607
1141,0.22143101521842057
5979,0.2124296180639187
1145,0.31878830619785475
5986,0.23344376189212268
1552,0.2789175910652497
7986,0.44702372317568595
7294,0.14610978235591532
7010,0.5320157784906996
5095,0.18827721109532766
4341,0.30742743566776176
4741,0.23385888847522712
7476,0.42323784690021526
5107,0.22004750964616976
1211,0.37976523014825353
3909,0.23231144587404357
4751,0.23823206767593444
7992,0.19845548471518087
3173,0.24200755783383648
7119,0.24296149456166208
3705,0.18701726034011706
8,0.29834400795015203
2000,0.13719954513151963
6227,0.19799983099225826
6227,0.19714247020411624
470,0.1970192242203777
3475,0.2481130787106445
909,0.17116408934254612
46,0.12430664824895621
1304,0.2194587018845344
55,0.4027347401617981
8004,0.2776828183209583
5461,0.20619635435240674
1327,0.36506150291607786
8006,0.44570108749092463
4206,0.37237198149622497
2385,0.35292917360657705
1732,0.45791162438893185
3248,0.22141077543788235
3521,0.23882091576962144
5159,0.24936058995437854
8014,0.27427092413974785
3270,0.2701349278544851
4440,0.20722463782020176
2097,0.22906461887442425
997,0.2223449556980825
4829,0.33103735933158196
6700,0.20916796706846907
6780,0.4845209151557803
5021,0.1953925952844232
4478,0.26237756611284085
1037,0.27622914452705405
7969,0.20416883728907115
7970,0.2682066203502236
8026,0.1694661316777288
5656,0.2553591672866743
6282,0.2912150387893645
1818,0.1442338530376412
2793,0.18533189090923496
3319,0.15535275153989903
5362,0.25361959379849086
8031,0.34461677432731347
1834,0.2543193875401793
7975,0.18608726845663626
8036,0.3493349441408149
1459,0.20636918892695189
1461,0.17488212248705182
4508,0.17128784444523318
4062,0.2657612407368084
5375,0.17718055252517698
3835,0.19858461478670109
1487,0.18760220303031622
8047,0.14407547563151135
3101,0.25801231871596103
1129,0.2480672168646521
8050,0.35752877082498563
2218,0.20687630611976693
3635,0.16835675886087706
4091,0.25397686372751216
5974,0.28151802358800015
6411,0.2175730290980251
4320,0.13924373331951187
3119,0.24162400051720767
747,0.2933626346308387
3882,0.2687990783450234
7926,0.47847889611828975
2583,0.37569591645571854
7474,0.1966399606587112
1946,0.2777005627592164
2593,0.1637048312704853
6746,0.3642982139629173
1947,0.29358137127552614
7301,0.19161444800744132
2599,0.21848157351644756
4750,0.28718269658959983
1218,0.14605666870432638
3432,0.17378400256135965
826,0.20231727007976907
5423,0.15483083365365066
6221,0.15077098937501882
1645,0.1813085403946349
5885,0.36509914944330035
4952,0.2758329296546719
2005,0.23996361770063246
5587,0.22179038354497635
896,0.4383630830194526
6763,0.15900407343492495
1307,0.21216146979360523
4604,0.20401357783711882
5457,0.2907890944850468
2363,0.15774120716372117
926,0.21352547526418625
5460,0.20885982709999246
7665,0.19636726088471038
4609,0.17977516942148752
5763,0.31648656702495215
2057,0.2375656338562735
8086,0.24140687168064723
4199,0.2742315403530745
5606,0.3080354949418654
5469,0.17079657820863023
2990,0.18769683134554194
2075,0.3882025962773472
3003,0.23023333330634171
3530,0.24490772572128117
541,0.15428680394355182
4231,0.13560067455130775
8096,0.23571126053255237
6472,0.2556968723452906
2734,0.18678544980093328
7603,0.2333785976197908
1764,0.18077373786192086
562,0.20757114371324142
1381,0.1678281619022583
1776,0.24645035549644645
7613,0.1938175702118912
2759,0.18936135720304045
584,0.5958762585728343
4655,0.2177151772540818
3029,0.15211063970222058
3799,0.40015275087035657
6163,0.19590505113249373
2133,0.23122960733174552
7903,0.29081644234097015
2801,0.18186109627362926
2493,0.16702716209911297
244,0.258424918901636
3831,0.33238934019489086
5526,0.21270880862518532
5682,0.14328856161819642
286,0.13658424394313273
1489,0.21369794051433022
716,0.1301363834014248
1526,0.18411756107179617
2867,0.3906746039068285
7288,0.22897696798151126
4730,0.21558019859255473
8143,0.20031360912568819
8145,0.34901749016511185
2580,0.1674638142281103
7782,0.35157611622108165
372,0.16209348638490562
8151,0.4007384468769401
3146,0.1641679743202617
380,0.296134789372109
1947,0.29527573643378063
8153,0.16979980520280785
8154,0.2730938853209062
1595,0.4614498484503414
4923,0.20999886361514042
6325,0.4116151734183415
7724,0.3204614153786781
407,0.2659326034718417
8155,0.23744703469378722
840,0.15040644091198857
5877,0.3753924456422877
7023,0.338704383528395
1646,0.1827210761306396
5127,0.17175856878045745
467,0.18730097750459243
7500,0.17221237259546587
6858,0.25169858363208886
8166,0.395393799382345
1323,0.2101813676250156
4973,0.24528505791819857
2061,0.15623593550803516
4205,0.23141759597101874
7809,0.1603332552081527
5160,0.17414588739523892
2733,0.1501245219611093
3767,0.16787513265410536
131,0.2092767963914044
550,0.14864625827330563
5627,0.22150153621634644
3771,0.18502172329395844
5777,0.23029086010781774
2753,0.17426543014237802
4011,0.2290094566418622
3294,0.41090980535360755
6972,0.3075263450277019
1016,0.14992996878244574
2448,0.2509430450503984
7151,0.23068027913756453
1793,0.37236662978171475
2123,0.2549407680730434
7436,0.1772833571290488
597,0.13386978183253156
613,0.2879534152978643
6162,0.25439860528789887
1421,0.21891280617810782
6278,0.1751330533981915
3051,0.16472614381599887
633,0.3961030337118404
6985,0.15503511050524044
4856,0.30588340278998827
1839,0.2975075316814238
1453,0.3061396380593078
1461,0.16003246181469383
6618,0.45769693704563996
6079,0.18723769417889102
4071,0.24330026748429248
3083,0.34394754768415814
8194,0.31803024529451474
3093,0.4036445885740604
299,0.3199807216234105
4526,0.16656840802705672
6902,0.16483495083929797
8201,0.2544548452144841
2228,0.5207534771247273
3869,0.2746986396822306
4714,0.3306143432150833
3874,0.19305312041914535
738,0.15743446427098498
1161,0.17691699537421884
5988,0.2657412110622299
7298,0.35801936262493905
6425,0.1548307437708331
3419,0.16200340692978374
5862,0.15066603436018708
8214,0.23807639158947574
6922,0.23964329513645022
390,0.15403381480718825
4359,0.18539592064822383
2607,0.16408816046028543
2609,0.1853831195077807
6650,0.26028277787904164
2297,0.2728979730210891
8219,0.24145076447916158
2927,0.14437118202379767
7939,0.22864657361550478
418,0.3126250840906316
1233,0.25566564409738857
1237,0.15633087925126007
3173,0.24501959469692122
5878,0.22682534388914033
6437,0.31892671513264026
3701,0.3018311701951508
864,0.26097009790962733
5433,0.1896244352935262
2658,0.2499584892435387
4775,0.19249320977163892
1278,0.14253958762297358
4597,0.16298946054476562
892,0.12353278359696843
3202,0.22669378496976472
3217,0.25979981260773544
4789,0.216161094181509
63,0.41032299194260957
5148,0.5430674342718835
3519,0.27819054462294157
6249,0.3381300526218428
3256,0.40802613419842293
535,0.202788620021534
2727,0.15553376821416057
7811,0.3868847598456808
2740,0.19109448863437747
2100,0.1632425952565418
8246,0.20072656888229579
563,0.21967970490704364
8248,0.3019110380274116
4011,0.23087148223134443
3292,0.16986496685451857
3782,0.236329319756687
4255,0.39137573412713894
3790,0.17329103998827916
3793,0.3245867506916896
180,0.18153162797971895
3796,0.19509633771041618
593,0.2909200566706704
1415,0.4865957440691513
3800,0.21809417035251255
8257,0.4141906375624934
8260,0.17908672996494202
3585,0.17649435250617307
5808,0.18851147841076116
8264,0.39193273938264017
8266,0.4916466001556721
8267,0.32807056485964364
3069,0.18354581529795688
5214,0.42863778768128835
3344,0.19131306094875455
3075,0.3001982096542243
3836,0.3893037018325078
5822,0.3968668408677043
682,0.3354862262752346
3088,0.15428453816548476
2843,0.26161422718311195
3622,0.16906706155097792
1876,0.21584328651082896
3626,0.17655687593832356
3630,0.16420619703466416
2214,0.1514715029673181
8277,0.4967853255484562
5070,0.2567127930272225
7773,0.32430487646280237
3865,0.19476931887162896
5078,0.3187941295627413
1150,0.503422357786986
1150,0.21826359495850217
4098,0.20173563559291316
5086,0.20769348371689056
8286,0.20027095737825243
5255,0.46403530679504557
342,0.17470915923480382
1549,0.21039581734952328
8292,0.23602867716773412
779,0.39858583306661644
6112,0.20172064256754246
3435,0.2022549734041555
4366,0.12783258859695357
8298,0.3516564570133215
835,0.1756985827910523
8300,0.33490978544306427
1974,0.43564236289146835
